Date,Time,Queue open,AVG_NUM,lane1 status,lane1 avg group length,lane1 avg queue time,lane1 checkout number,lane2 status,lane2 avg group length,lane2 avg queue time,lane2 checkout number,lane3 status,lane3 avg group length,lane3 avg queue time,lane3 checkout number,lane4 status,lane4 avg group length,lane4 avg queue time,lane4 checkout number,lane5 status,lane5 avg group length,lane5 avg queue time,lane5 checkout number,lane6 status,lane6 avg group length,lane6 avg queue time,lane6 checkout number,lane7 status,lane7 avg group length,lane7 avg queue time,lane7 checkout number,SCO avg group length,SCO avg queue time,SCO checkout number,enter0,exit0,enter1,exit1,enter2,exit2
2022-12-02,00:00-00:03,0.0,0.0,0.0,0.0,0.0,0.0,0.0,0.0,0.0,0.0,0.0,0.0,0.0,0.0,0.0,-0.0,0.0,0.0,0.0,0.0,0.0,0.0,0.0,0.0,,,0.0,0.0,,,0.0,0.0,0.0,0.0,0.0,0.0,0.0,0.0,0.0
2022-12-02,00:03-00:06,0.0,0.0,0.0,0.0,0.0,0.0,0.0,0.0,0.0,0.0,0.0,0.0,0.0,0.0,0.0,-0.0,0.0,0.0,0.0,0.0,0.0,0.0,0.0,0.0,,,0.0,0.0,,,0.0,0.0,0.0,0.0,0.0,0.0,0.0,0.0,0.0
2022-12-02,00:06-00:09,0.0,0.0,0.0,0.0,0.0,0.0,0.0,0.0,0.0,0.0,0.0,0.0,0.0,0.0,0.0,-0.0,0.0,0.0,0.0,0.0,0.0,0.0,0.0,0.0,,,0.0,0.0,,,0.0,0.0,0.0,0.0,0.0,0.0,0.0,0.0,0.0
2022-12-02,00:09-00:12,0.0,0.0,0.0,0.0,0.0,0.0,0.0,0.0,0.0,0.0,0.0,0.0,0.0,0.0,0.0,-0.0,0.0,0.0,0.0,0.0,0.0,0.0,0.0,0.0,,,0.0,0.0,,,0.0,0.0,0.0,0.0,0.0,0.0,0.0,0.0,0.0
2022-12-02,00:12-00:15,0.0,0.0,0.0,0.0,0.0,0.0,0.0,0.0,0.0,0.0,0.0,0.0,0.0,0.0,0.0,-0.0,0.0,0.0,0.0,0.0,0.0,0.0,0.0,0.0,,,0.0,0.0,,,0.0,0.0,0.0,0.0,0.0,0.0,0.0,0.0,0.0
2022-12-02,00:15-00:18,0.0,0.0,0.0,0.0,0.0,0.0,0.0,0.0,0.0,0.0,0.0,0.0,0.0,0.0,0.0,-0.0,0.0,0.0,0.0,0.0,0.0,0.0,0.0,0.0,,,0.0,0.0,,,0.0,0.0,0.0,0.0,0.0,0.0,0.0,0.0,0.0
2022-12-02,00:18-00:21,0.0,0.0,0.0,0.0,0.0,0.0,0.0,0.0,0.0,0.0,0.0,0.0,0.0,0.0,0.0,-0.0,0.0,0.0,0.0,0.0,0.0,0.0,0.0,0.0,,,0.0,0.0,,,0.0,0.0,0.0,0.0,0.0,0.0,0.0,0.0,0.0
2022-12-02,00:21-00:24,0.0,0.0,0.0,0.0,0.0,0.0,0.0,0.0,0.0,0.0,0.0,0.0,0.0,0.0,0.0,-0.0,0.0,0.0,0.0,0.0,0.0,0.0,0.0,0.0,,,0.0,0.0,,,0.0,0.0,0.0,0.0,0.0,0.0,0.0,0.0,0.0
2022-12-02,00:24-00:27,0.0,0.0,0.0,0.0,0.0,0.0,0.0,0.0,0.0,0.0,0.0,0.0,0.0,0.0,0.0,-0.0,0.0,0.0,0.0,0.0,0.0,0.0,0.0,0.0,,,0.0,0.0,,,0.0,0.0,0.0,0.0,0.0,0.0,0.0,0.0,0.0
2022-12-02,00:27-00:30,0.0,0.0,0.0,0.0,0.0,0.0,0.0,0.0,0.0,0.0,0.0,0.0,0.0,0.0,0.0,-0.0,0.0,0.0,0.0,0.0,0.0,0.0,0.0,0.0,,,0.0,0.0,,,0.0,0.0,0.0,0.0,0.0,0.0,0.0,0.0,0.0
2022-12-02,00:30-00:33,0.0,0.0,0.0,0.0,0.0,0.0,0.0,0.0,0.0,0.0,0.0,0.0,0.0,0.0,0.0,-0.0,0.0,0.0,0.0,0.0,0.0,0.0,0.0,0.0,,,0.0,0.0,,,0.0,0.0,0.0,0.0,0.0,0.0,0.0,0.0,0.0
2022-12-02,00:33-00:36,0.0,0.0,0.0,0.0,0.0,0.0,0.0,0.0,0.0,0.0,0.0,0.0,0.0,0.0,0.0,-0.0,0.0,0.0,0.0,0.0,0.0,0.0,0.0,0.0,,,0.0,0.0,,,0.0,0.0,0.0,0.0,0.0,0.0,0.0,0.0,0.0
2022-12-02,00:36-00:39,0.0,0.0,0.0,0.0,0.0,0.0,0.0,0.0,0.0,0.0,0.0,0.0,0.0,0.0,0.0,-0.0,0.0,0.0,0.0,0.0,0.0,0.0,0.0,0.0,,,0.0,0.0,,,0.0,0.0,0.0,0.0,0.0,0.0,0.0,0.0,0.0
2022-12-02,00:39-00:42,0.0,0.0,0.0,0.0,0.0,0.0,0.0,0.0,0.0,0.0,0.0,0.0,0.0,0.0,0.0,-0.0,0.0,0.0,0.0,0.0,0.0,0.0,0.0,0.0,,,0.0,0.0,,,0.0,0.0,0.0,0.0,0.0,0.0,0.0,0.0,0.0
2022-12-02,00:42-00:45,0.0,0.0,0.0,0.0,0.0,0.0,0.0,0.0,0.0,0.0,0.0,0.0,0.0,0.0,0.0,-0.0,0.0,0.0,0.0,0.0,0.0,0.0,0.0,0.0,,,0.0,0.0,,,0.0,0.0,0.0,0.0,0.0,0.0,0.0,0.0,0.0
2022-12-02,00:45-00:48,0.0,0.0,0.0,0.0,0.0,0.0,0.0,0.0,0.0,0.0,0.0,0.0,0.0,0.0,0.0,-0.0,0.0,0.0,0.0,0.0,0.0,0.0,0.0,0.0,,,0.0,0.0,,,0.0,0.0,0.0,0.0,0.0,0.0,0.0,0.0,0.0
2022-12-02,00:48-00:51,0.0,0.0,0.0,0.0,0.0,0.0,0.0,0.0,0.0,0.0,0.0,0.0,0.0,0.0,0.0,-0.0,0.0,0.0,0.0,0.0,0.0,0.0,0.0,0.0,,,0.0,0.0,,,0.0,0.0,0.0,0.0,0.0,0.0,0.0,0.0,0.0
2022-12-02,00:51-00:54,0.0,0.0,0.0,0.0,0.0,0.0,0.0,0.0,0.0,0.0,0.0,0.0,0.0,0.0,0.0,-0.0,0.0,0.0,0.0,0.0,0.0,0.0,0.0,0.0,,,0.0,0.0,,,0.0,0.0,0.0,0.0,0.0,0.0,0.0,0.0,0.0
2022-12-02,00:54-00:57,0.0,0.0,0.0,0.0,0.0,0.0,0.0,0.0,0.0,0.0,0.0,0.0,0.0,0.0,0.0,-0.0,0.0,0.0,0.0,0.0,0.0,0.0,0.0,0.0,,,0.0,0.0,,,0.0,0.0,0.0,0.0,0.0,0.0,0.0,0.0,0.0
2022-12-02,00:57-01:00,0.0,0.0,0.0,0.0,0.0,0.0,0.0,0.0,0.0,0.0,0.0,0.0,0.0,0.0,0.0,-0.0,0.0,0.0,0.0,0.0,0.0,0.0,0.0,0.0,,,0.0,0.0,,,0.0,0.0,0.0,0.0,0.0,0.0,0.0,0.0,0.0
2022-12-02,01:00-01:03,0.0,0.0,0.0,0.0,0.0,0.0,0.0,0.0,0.0,0.0,0.0,0.0,0.0,0.0,0.0,-0.0,0.0,0.0,0.0,0.0,0.0,0.0,0.0,0.0,,,0.0,0.0,,,0.0,0.0,0.0,0.0,0.0,0.0,0.0,0.0,0.0
2022-12-02,01:03-01:06,0.0,0.0,0.0,0.0,0.0,0.0,0.0,0.0,0.0,0.0,0.0,0.0,0.0,0.0,0.0,-0.0,0.0,0.0,0.0,0.0,0.0,0.0,0.0,0.0,,,0.0,0.0,,,0.0,0.0,0.0,0.0,0.0,0.0,0.0,0.0,0.0
2022-12-02,01:06-01:09,0.0,0.0,0.0,0.0,0.0,0.0,0.0,0.0,0.0,0.0,0.0,0.0,0.0,0.0,0.0,-0.0,0.0,0.0,0.0,0.0,0.0,0.0,0.0,0.0,,,0.0,0.0,,,0.0,0.0,0.0,0.0,0.0,0.0,0.0,0.0,0.0
2022-12-02,01:09-01:12,0.0,0.0,0.0,0.0,0.0,0.0,0.0,0.0,0.0,0.0,0.0,0.0,0.0,0.0,0.0,-0.0,0.0,0.0,0.0,0.0,0.0,0.0,0.0,0.0,,,0.0,0.0,,,0.0,0.0,0.0,0.0,0.0,0.0,0.0,0.0,0.0
2022-12-02,01:12-01:15,0.0,0.0,0.0,0.0,0.0,0.0,0.0,0.0,0.0,0.0,0.0,0.0,0.0,0.0,0.0,-0.0,0.0,0.0,0.0,0.0,0.0,0.0,0.0,0.0,,,0.0,0.0,,,0.0,0.0,0.0,0.0,0.0,0.0,0.0,0.0,0.0
2022-12-02,01:15-01:18,0.0,0.0,0.0,0.0,0.0,0.0,0.0,0.0,0.0,0.0,0.0,0.0,0.0,0.0,0.0,-0.0,0.0,0.0,0.0,0.0,0.0,0.0,0.0,0.0,,,0.0,0.0,,,0.0,0.0,0.0,0.0,0.0,0.0,0.0,0.0,0.0
2022-12-02,01:18-01:21,0.0,0.0,0.0,0.0,0.0,0.0,0.0,0.0,0.0,0.0,0.0,0.0,0.0,0.0,0.0,-0.0,0.0,0.0,0.0,0.0,0.0,0.0,0.0,0.0,,,0.0,0.0,,,0.0,0.0,0.0,0.0,0.0,0.0,0.0,0.0,0.0
2022-12-02,01:21-01:24,0.0,0.0,0.0,0.0,0.0,0.0,0.0,0.0,0.0,0.0,0.0,0.0,0.0,0.0,0.0,-0.0,0.0,0.0,0.0,0.0,0.0,0.0,0.0,0.0,,,0.0,0.0,,,0.0,0.0,0.0,0.0,0.0,0.0,0.0,0.0,0.0
2022-12-02,01:24-01:27,0.0,0.0,0.0,0.0,0.0,0.0,0.0,0.0,0.0,0.0,0.0,0.0,0.0,0.0,0.0,-0.0,0.0,0.0,0.0,0.0,0.0,0.0,0.0,0.0,,,0.0,0.0,,,0.0,0.0,0.0,0.0,0.0,0.0,0.0,0.0,0.0
2022-12-02,01:27-01:30,0.0,0.0,0.0,0.0,0.0,0.0,0.0,0.0,0.0,0.0,0.0,0.0,0.0,0.0,0.0,-0.0,0.0,0.0,0.0,0.0,0.0,0.0,0.0,0.0,,,0.0,0.0,,,0.0,0.0,0.0,0.0,0.0,0.0,0.0,0.0,0.0
2022-12-02,01:30-01:33,0.0,0.0,0.0,0.0,0.0,0.0,0.0,0.0,0.0,0.0,0.0,0.0,0.0,0.0,0.0,-0.0,0.0,0.0,0.0,0.0,0.0,0.0,0.0,0.0,,,0.0,0.0,,,0.0,0.0,0.0,0.0,0.0,0.0,0.0,0.0,0.0
2022-12-02,01:33-01:36,0.0,0.0,0.0,0.0,0.0,0.0,0.0,0.0,0.0,0.0,0.0,0.0,0.0,0.0,0.0,-0.0,0.0,0.0,0.0,0.0,0.0,0.0,0.0,0.0,,,0.0,0.0,,,0.0,0.0,0.0,0.0,0.0,0.0,0.0,0.0,0.0
2022-12-02,01:36-01:39,0.0,0.0,0.0,0.0,0.0,0.0,0.0,0.0,0.0,0.0,0.0,0.0,0.0,0.0,0.0,-0.0,0.0,0.0,0.0,0.0,0.0,0.0,0.0,0.0,,,0.0,0.0,,,0.0,0.0,0.0,0.0,0.0,0.0,0.0,0.0,0.0
2022-12-02,01:39-01:42,0.0,0.0,0.0,0.0,0.0,0.0,0.0,0.0,0.0,0.0,0.0,0.0,0.0,0.0,0.0,-0.0,0.0,0.0,0.0,0.0,0.0,0.0,0.0,0.0,,,0.0,0.0,,,0.0,0.0,0.0,0.0,0.0,0.0,0.0,0.0,0.0
2022-12-02,01:42-01:45,0.0,0.0,0.0,0.0,0.0,0.0,0.0,0.0,0.0,0.0,0.0,0.0,0.0,0.0,0.0,-0.0,0.0,0.0,0.0,0.0,0.0,0.0,0.0,0.0,,,0.0,0.0,,,0.0,0.0,0.0,0.0,0.0,0.0,0.0,0.0,0.0
2022-12-02,01:45-01:48,0.0,0.0,0.0,0.0,0.0,0.0,0.0,0.0,0.0,0.0,0.0,0.0,0.0,0.0,0.0,-0.0,0.0,0.0,0.0,0.0,0.0,0.0,0.0,0.0,,,0.0,0.0,,,0.0,0.0,0.0,0.0,0.0,0.0,0.0,0.0,0.0
2022-12-02,01:48-01:51,0.0,0.0,0.0,0.0,0.0,0.0,0.0,0.0,0.0,0.0,0.0,0.0,0.0,0.0,0.0,-0.0,0.0,0.0,0.0,0.0,0.0,0.0,0.0,0.0,,,0.0,0.0,,,0.0,0.0,0.0,0.0,0.0,0.0,0.0,0.0,0.0
2022-12-02,01:51-01:54,0.0,0.0,0.0,0.0,0.0,0.0,0.0,0.0,0.0,0.0,0.0,0.0,0.0,0.0,0.0,-0.0,0.0,0.0,0.0,0.0,0.0,0.0,0.0,0.0,,,0.0,0.0,,,0.0,0.0,0.0,0.0,0.0,0.0,0.0,0.0,0.0
2022-12-02,01:54-01:57,0.0,0.0,0.0,0.0,0.0,0.0,0.0,0.0,0.0,0.0,0.0,0.0,0.0,0.0,0.0,-0.0,0.0,0.0,0.0,0.0,0.0,0.0,0.0,0.0,,,0.0,0.0,,,0.0,0.0,0.0,0.0,0.0,0.0,0.0,0.0,0.0
2022-12-02,01:57-02:00,0.0,0.0,0.0,0.0,0.0,0.0,0.0,0.0,0.0,0.0,0.0,0.0,0.0,0.0,0.0,-0.0,0.0,0.0,0.0,0.0,0.0,0.0,0.0,0.0,,,0.0,0.0,,,0.0,0.0,0.0,0.0,0.0,0.0,0.0,0.0,0.0
2022-12-02,02:00-02:03,0.0,0.0,0.0,0.0,0.0,0.0,0.0,0.0,0.0,0.0,0.0,0.0,0.0,0.0,0.0,-0.0,0.0,0.0,0.0,0.0,0.0,0.0,0.0,0.0,,,0.0,0.0,,,0.0,0.0,0.0,0.0,0.0,0.0,0.0,0.0,0.0
2022-12-02,02:03-02:06,0.0,0.0,0.0,0.0,0.0,0.0,0.0,0.0,0.0,0.0,0.0,0.0,0.0,0.0,0.0,-0.0,0.0,0.0,0.0,0.0,0.0,0.0,0.0,0.0,,,0.0,0.0,,,0.0,0.0,0.0,0.0,0.0,0.0,0.0,0.0,0.0
2022-12-02,02:06-02:09,0.0,0.0,0.0,0.0,0.0,0.0,0.0,0.0,0.0,0.0,0.0,0.0,0.0,0.0,0.0,-0.0,0.0,0.0,0.0,0.0,0.0,0.0,0.0,0.0,,,0.0,0.0,,,0.0,0.0,0.0,0.0,0.0,0.0,0.0,0.0,0.0
2022-12-02,02:09-02:12,0.0,0.0,0.0,0.0,0.0,0.0,0.0,0.0,0.0,0.0,0.0,0.0,0.0,0.0,0.0,-0.0,0.0,0.0,0.0,0.0,0.0,0.0,0.0,0.0,,,0.0,0.0,,,0.0,0.0,0.0,0.0,0.0,0.0,0.0,0.0,0.0
2022-12-02,02:12-02:15,0.0,0.0,0.0,0.0,0.0,0.0,0.0,0.0,0.0,0.0,0.0,0.0,0.0,0.0,0.0,-0.0,0.0,0.0,0.0,0.0,0.0,0.0,0.0,0.0,,,0.0,0.0,,,0.0,0.0,0.0,0.0,0.0,0.0,0.0,0.0,0.0
2022-12-02,02:15-02:18,0.0,0.0,0.0,0.0,0.0,0.0,0.0,0.0,0.0,0.0,0.0,0.0,0.0,0.0,0.0,-0.0,0.0,0.0,0.0,0.0,0.0,0.0,0.0,0.0,,,0.0,0.0,,,0.0,0.0,0.0,0.0,0.0,0.0,0.0,0.0,0.0
2022-12-02,02:18-02:21,0.0,0.0,0.0,0.0,0.0,0.0,0.0,0.0,0.0,0.0,0.0,0.0,0.0,0.0,0.0,-0.0,0.0,0.0,0.0,0.0,0.0,0.0,0.0,0.0,,,0.0,0.0,,,0.0,0.0,0.0,0.0,0.0,0.0,0.0,0.0,0.0
2022-12-02,02:21-02:24,0.0,0.0,0.0,0.0,0.0,0.0,0.0,0.0,0.0,0.0,0.0,0.0,0.0,0.0,0.0,-0.0,0.0,0.0,0.0,0.0,0.0,0.0,0.0,0.0,,,0.0,0.0,,,0.0,0.0,0.0,0.0,0.0,0.0,0.0,0.0,0.0
2022-12-02,02:24-02:27,0.0,0.0,0.0,0.0,0.0,0.0,0.0,0.0,0.0,0.0,0.0,0.0,0.0,0.0,0.0,-0.0,0.0,0.0,0.0,0.0,0.0,0.0,0.0,0.0,,,0.0,0.0,,,0.0,0.0,0.0,0.0,0.0,0.0,0.0,0.0,0.0
2022-12-02,02:27-02:30,0.0,0.0,0.0,0.0,0.0,0.0,0.0,0.0,0.0,0.0,0.0,0.0,0.0,0.0,0.0,-0.0,0.0,0.0,0.0,0.0,0.0,0.0,0.0,0.0,,,0.0,0.0,,,0.0,0.0,0.0,0.0,0.0,0.0,0.0,0.0,0.0
2022-12-02,02:30-02:33,0.0,0.0,0.0,0.0,0.0,0.0,0.0,0.0,0.0,0.0,0.0,0.0,0.0,0.0,0.0,-0.0,0.0,0.0,0.0,0.0,0.0,0.0,0.0,0.0,,,0.0,0.0,,,0.0,0.0,0.0,0.0,0.0,0.0,0.0,0.0,0.0
2022-12-02,02:33-02:36,0.0,0.0,0.0,0.0,0.0,0.0,0.0,0.0,0.0,0.0,0.0,0.0,0.0,0.0,0.0,-0.0,0.0,0.0,0.0,0.0,0.0,0.0,0.0,0.0,,,0.0,0.0,,,0.0,0.0,0.0,0.0,0.0,0.0,0.0,0.0,0.0
2022-12-02,02:36-02:39,0.0,0.0,0.0,0.0,0.0,0.0,0.0,0.0,0.0,0.0,0.0,0.0,0.0,0.0,0.0,-0.0,0.0,0.0,0.0,0.0,0.0,0.0,0.0,0.0,,,0.0,0.0,,,0.0,0.0,0.0,0.0,0.0,0.0,0.0,0.0,0.0
2022-12-02,02:39-02:42,0.0,0.0,0.0,0.0,0.0,0.0,0.0,0.0,0.0,0.0,0.0,0.0,0.0,0.0,0.0,-0.0,0.0,0.0,0.0,0.0,0.0,0.0,0.0,0.0,,,0.0,0.0,,,0.0,0.0,0.0,0.0,0.0,0.0,0.0,0.0,0.0
2022-12-02,02:42-02:45,0.0,0.0,0.0,0.0,0.0,0.0,0.0,0.0,0.0,0.0,0.0,0.0,0.0,0.0,0.0,-0.0,0.0,0.0,0.0,0.0,0.0,0.0,0.0,0.0,,,0.0,0.0,,,0.0,0.0,0.0,0.0,0.0,0.0,0.0,0.0,0.0
2022-12-02,02:45-02:48,0.0,0.0,0.0,0.0,0.0,0.0,0.0,0.0,0.0,0.0,0.0,0.0,0.0,0.0,0.0,-0.0,0.0,0.0,0.0,0.0,0.0,0.0,0.0,0.0,,,0.0,0.0,,,0.0,0.0,0.0,0.0,0.0,0.0,0.0,0.0,0.0
2022-12-02,02:48-02:51,0.0,0.0,0.0,0.0,0.0,0.0,0.0,0.0,0.0,0.0,0.0,0.0,0.0,0.0,0.0,-0.0,0.0,0.0,0.0,0.0,0.0,0.0,0.0,0.0,,,0.0,0.0,,,0.0,0.0,0.0,0.0,0.0,0.0,0.0,0.0,0.0
2022-12-02,02:51-02:54,0.0,0.0,0.0,0.0,0.0,0.0,0.0,0.0,0.0,0.0,0.0,0.0,0.0,0.0,0.0,-0.0,0.0,0.0,0.0,0.0,0.0,0.0,0.0,0.0,,,0.0,0.0,,,0.0,0.0,0.0,0.0,0.0,0.0,0.0,0.0,0.0
2022-12-02,02:54-02:57,0.0,0.0,0.0,0.0,0.0,0.0,0.0,0.0,0.0,0.0,0.0,0.0,0.0,0.0,0.0,-0.0,0.0,0.0,0.0,0.0,0.0,0.0,0.0,0.0,,,0.0,0.0,,,0.0,0.0,0.0,0.0,0.0,0.0,0.0,0.0,0.0
2022-12-02,02:57-03:00,0.0,0.0,0.0,0.0,0.0,0.0,0.0,0.0,0.0,0.0,0.0,0.0,0.0,0.0,0.0,-0.0,0.0,0.0,0.0,0.0,0.0,0.0,0.0,0.0,,,0.0,0.0,,,0.0,0.0,0.0,0.0,0.0,0.0,0.0,0.0,0.0
2022-12-02,03:00-03:03,0.0,0.0,0.0,0.0,0.0,0.0,0.0,0.0,0.0,0.0,0.0,0.0,0.0,0.0,0.0,-0.0,0.0,0.0,0.0,0.0,0.0,0.0,0.0,0.0,,,0.0,0.0,,,0.0,0.0,0.0,0.0,0.0,0.0,0.0,0.0,0.0
2022-12-02,03:03-03:06,0.0,0.0,0.0,0.0,0.0,0.0,0.0,0.0,0.0,0.0,0.0,0.0,0.0,0.0,0.0,-0.0,0.0,0.0,0.0,0.0,0.0,0.0,0.0,0.0,,,0.0,0.0,,,0.0,0.0,0.0,0.0,0.0,0.0,0.0,0.0,0.0
2022-12-02,03:06-03:09,0.0,0.0,0.0,0.0,0.0,0.0,0.0,0.0,0.0,0.0,0.0,0.0,0.0,0.0,0.0,-0.0,0.0,0.0,0.0,0.0,0.0,0.0,0.0,0.0,,,0.0,0.0,,,0.0,0.0,0.0,0.0,0.0,0.0,0.0,0.0,0.0
2022-12-02,03:09-03:12,0.0,0.0,0.0,0.0,0.0,0.0,0.0,0.0,0.0,0.0,0.0,0.0,0.0,0.0,0.0,-0.0,0.0,0.0,0.0,0.0,0.0,0.0,0.0,0.0,,,0.0,0.0,,,0.0,0.0,0.0,0.0,0.0,0.0,0.0,0.0,0.0
2022-12-02,03:12-03:15,0.0,0.0,0.0,0.0,0.0,0.0,0.0,0.0,0.0,0.0,0.0,0.0,0.0,0.0,0.0,-0.0,0.0,0.0,0.0,0.0,0.0,0.0,0.0,0.0,,,0.0,0.0,,,0.0,0.0,0.0,0.0,0.0,0.0,0.0,0.0,0.0
2022-12-02,03:15-03:18,0.0,0.0,0.0,0.0,0.0,0.0,0.0,0.0,0.0,0.0,0.0,0.0,0.0,0.0,0.0,-0.0,0.0,0.0,0.0,0.0,0.0,0.0,0.0,0.0,,,0.0,0.0,,,0.0,0.0,0.0,0.0,0.0,0.0,0.0,0.0,0.0
2022-12-02,03:18-03:21,0.0,0.0,0.0,0.0,0.0,0.0,0.0,0.0,0.0,0.0,0.0,0.0,0.0,0.0,0.0,-0.0,0.0,0.0,0.0,0.0,0.0,0.0,0.0,0.0,,,0.0,0.0,,,0.0,0.0,0.0,0.0,0.0,0.0,0.0,0.0,0.0
2022-12-02,03:21-03:24,0.0,0.0,0.0,0.0,0.0,0.0,0.0,0.0,0.0,0.0,0.0,0.0,0.0,0.0,0.0,-0.0,0.0,0.0,0.0,0.0,0.0,0.0,0.0,0.0,,,0.0,0.0,,,0.0,0.0,0.0,0.0,0.0,0.0,0.0,0.0,0.0
2022-12-02,03:24-03:27,0.0,0.0,0.0,0.0,0.0,0.0,0.0,0.0,0.0,0.0,0.0,0.0,0.0,0.0,0.0,-0.0,0.0,0.0,0.0,0.0,0.0,0.0,0.0,0.0,,,0.0,0.0,,,0.0,0.0,0.0,0.0,0.0,0.0,0.0,0.0,0.0
2022-12-02,03:27-03:30,0.0,0.0,0.0,0.0,0.0,0.0,0.0,0.0,0.0,0.0,0.0,0.0,0.0,0.0,0.0,-0.0,0.0,0.0,0.0,0.0,0.0,0.0,0.0,0.0,,,0.0,0.0,,,0.0,0.0,0.0,0.0,0.0,0.0,0.0,0.0,0.0
2022-12-02,03:30-03:33,0.0,0.0,0.0,0.0,0.0,0.0,0.0,0.0,0.0,0.0,0.0,0.0,0.0,0.0,0.0,-0.0,0.0,0.0,0.0,0.0,0.0,0.0,0.0,0.0,,,0.0,0.0,,,0.0,0.0,0.0,0.0,0.0,0.0,0.0,0.0,0.0
2022-12-02,03:33-03:36,0.0,0.0,0.0,0.0,0.0,0.0,0.0,0.0,0.0,0.0,0.0,0.0,0.0,0.0,0.0,-0.0,0.0,0.0,0.0,0.0,0.0,0.0,0.0,0.0,,,0.0,0.0,,,0.0,0.0,0.0,0.0,0.0,0.0,0.0,0.0,0.0
2022-12-02,03:36-03:39,0.0,0.0,0.0,0.0,0.0,0.0,0.0,0.0,0.0,0.0,0.0,0.0,0.0,0.0,0.0,-0.0,0.0,0.0,0.0,0.0,0.0,0.0,0.0,0.0,,,0.0,0.0,,,0.0,0.0,0.0,0.0,0.0,0.0,0.0,0.0,0.0
2022-12-02,03:39-03:42,0.0,0.0,0.0,0.0,0.0,0.0,0.0,0.0,0.0,0.0,0.0,0.0,0.0,0.0,0.0,-0.0,0.0,0.0,0.0,0.0,0.0,0.0,0.0,0.0,,,0.0,0.0,,,0.0,0.0,0.0,0.0,0.0,0.0,0.0,0.0,0.0
2022-12-02,03:42-03:45,0.0,0.0,0.0,0.0,0.0,0.0,0.0,0.0,0.0,0.0,0.0,0.0,0.0,0.0,0.0,-0.0,0.0,0.0,0.0,0.0,0.0,0.0,0.0,0.0,,,0.0,0.0,,,0.0,0.0,0.0,0.0,0.0,0.0,0.0,0.0,0.0
2022-12-02,03:45-03:48,0.0,0.0,0.0,0.0,0.0,0.0,0.0,0.0,0.0,0.0,0.0,0.0,0.0,0.0,0.0,-0.0,0.0,0.0,0.0,0.0,0.0,0.0,0.0,0.0,,,0.0,0.0,,,0.0,0.0,0.0,0.0,0.0,0.0,0.0,0.0,0.0
2022-12-02,03:48-03:51,0.0,0.0,0.0,0.0,0.0,0.0,0.0,0.0,0.0,0.0,0.0,0.0,0.0,0.0,0.0,-0.0,0.0,0.0,0.0,0.0,0.0,0.0,0.0,0.0,,,0.0,0.0,,,0.0,0.0,0.0,0.0,0.0,0.0,0.0,0.0,0.0
2022-12-02,03:51-03:54,0.0,0.0,0.0,0.0,0.0,0.0,0.0,0.0,0.0,0.0,0.0,0.0,0.0,0.0,0.0,-0.0,0.0,0.0,0.0,0.0,0.0,0.0,0.0,0.0,,,0.0,0.0,,,0.0,0.0,0.0,0.0,0.0,0.0,0.0,0.0,0.0
2022-12-02,03:54-03:57,0.0,0.0,0.0,0.0,0.0,0.0,0.0,0.0,0.0,0.0,0.0,0.0,0.0,0.0,0.0,-0.0,0.0,0.0,0.0,0.0,0.0,0.0,0.0,0.0,,,0.0,0.0,,,0.0,0.0,0.0,0.0,0.0,0.0,0.0,0.0,0.0
2022-12-02,03:57-04:00,0.0,0.0,0.0,0.0,0.0,0.0,0.0,0.0,0.0,0.0,0.0,0.0,0.0,0.0,0.0,-0.0,0.0,0.0,0.0,0.0,0.0,0.0,0.0,0.0,,,0.0,0.0,,,0.0,0.0,0.0,0.0,0.0,0.0,0.0,0.0,0.0
2022-12-02,04:00-04:03,0.0,0.0,0.0,0.0,0.0,0.0,0.0,0.0,0.0,0.0,0.0,0.0,0.0,0.0,0.0,-0.0,0.0,0.0,0.0,0.0,0.0,0.0,0.0,0.0,,,0.0,0.0,,,0.0,0.0,0.0,0.0,0.0,0.0,0.0,0.0,0.0
2022-12-02,04:03-04:06,0.0,0.0,0.0,0.0,0.0,0.0,0.0,0.0,0.0,0.0,0.0,0.0,0.0,0.0,0.0,-0.0,0.0,0.0,0.0,0.0,0.0,0.0,0.0,0.0,,,0.0,0.0,,,0.0,0.0,0.0,0.0,0.0,0.0,0.0,0.0,0.0
2022-12-02,04:06-04:09,0.0,0.0,0.0,0.0,0.0,0.0,0.0,0.0,0.0,0.0,0.0,0.0,0.0,0.0,0.0,-0.0,0.0,0.0,0.0,0.0,0.0,0.0,0.0,0.0,,,0.0,0.0,,,0.0,0.0,0.0,0.0,0.0,0.0,0.0,0.0,0.0
2022-12-02,04:09-04:12,0.0,0.0,0.0,0.0,0.0,0.0,0.0,0.0,0.0,0.0,0.0,0.0,0.0,0.0,0.0,-0.0,0.0,0.0,0.0,0.0,0.0,0.0,0.0,0.0,,,0.0,0.0,,,0.0,0.0,0.0,0.0,0.0,0.0,0.0,0.0,0.0
2022-12-02,04:12-04:15,0.0,0.04,0.0,0.04,0.0,0.0,0.0,0.0,0.0,0.0,0.0,0.0,0.0,0.0,0.0,-0.0,0.0,0.0,0.0,0.0,0.0,0.0,0.0,0.0,,,0.0,0.0,,,0.0,0.0,0.0,1.0,1.0,0.0,0.0,0.0,0.0
2022-12-02,04:15-04:18,0.0,0.0,0.0,0.0,0.0,0.0,0.0,0.0,0.0,0.0,0.0,0.0,0.0,0.0,0.0,-0.0,0.0,0.0,0.0,0.0,0.0,0.0,0.0,0.0,,,0.0,0.0,,,0.0,0.0,0.0,1.0,1.0,0.0,0.0,1.0,1.0
2022-12-02,04:18-04:21,0.0,0.0,0.0,0.0,0.0,0.0,0.0,0.0,0.0,0.0,0.0,0.0,0.0,0.0,0.0,-0.0,0.0,0.0,0.0,0.0,0.0,0.0,0.0,0.0,,,0.0,0.0,,,0.0,0.0,0.0,1.0,1.0,0.0,0.0,1.0,1.0
2022-12-02,04:21-04:24,0.0,0.04,0.0,0.04,0.0,0.0,0.0,0.0,0.0,0.0,0.0,0.0,0.0,0.0,0.0,-0.0,0.0,0.0,0.0,0.0,0.0,0.0,0.0,0.0,,,0.0,0.0,,,0.0,0.0,0.0,1.0,1.0,0.0,0.0,1.0,1.0
2022-12-02,04:24-04:27,0.0,0.0,0.0,0.0,0.0,0.0,0.0,0.0,0.0,0.0,0.0,0.0,0.0,0.0,0.0,-0.0,0.0,0.0,0.0,0.0,0.0,0.0,0.0,0.0,,,0.0,0.0,,,0.0,0.0,0.0,1.0,1.0,0.0,0.0,1.0,1.0
2022-12-02,04:27-04:30,0.0,0.0,0.0,0.0,0.0,0.0,0.0,0.0,0.0,0.0,0.0,0.0,0.0,0.0,0.0,-0.0,0.0,0.0,0.0,0.0,0.0,0.0,0.0,0.0,,,0.0,0.0,,,0.0,0.0,0.0,1.0,1.0,0.0,0.0,1.0,1.0
2022-12-02,04:30-04:33,0.0,0.0,0.0,0.0,0.0,0.0,0.0,0.0,0.0,0.0,0.0,0.0,0.0,0.0,0.0,-0.0,0.0,0.0,0.0,0.0,0.0,0.0,0.0,0.0,,,0.0,0.0,,,0.0,0.0,0.0,1.0,1.0,0.0,0.0,1.0,1.0
2022-12-02,04:33-04:36,0.0,0.0,0.0,0.0,0.0,0.0,0.0,0.0,0.0,0.0,0.0,0.0,0.0,0.0,0.0,-0.0,0.0,0.0,0.0,0.0,0.0,0.0,0.0,0.0,,,0.0,0.0,,,0.0,0.0,0.0,1.0,1.0,0.0,0.0,1.0,1.0
2022-12-02,04:36-04:39,0.0,0.0,0.0,0.0,0.0,0.0,0.0,0.0,0.0,0.0,0.0,0.0,0.0,0.0,0.0,-0.0,0.0,0.0,0.0,0.0,0.0,0.0,0.0,0.0,,,0.0,0.0,,,0.0,0.0,0.0,1.0,1.0,0.0,0.0,4.0,4.0
2022-12-02,04:39-04:42,0.0,0.0,0.0,0.0,0.0,0.0,0.0,0.0,0.0,0.0,0.0,0.0,0.0,0.0,0.0,-0.0,0.0,0.0,0.0,0.0,0.0,0.0,0.0,0.0,,,0.0,0.0,,,0.0,0.0,0.0,3.0,3.0,0.0,0.0,4.0,4.0
2022-12-02,04:42-04:45,0.0,0.0,0.0,0.0,0.0,0.0,0.0,0.0,0.0,0.0,0.0,0.0,0.0,0.0,0.0,-0.0,0.0,0.0,0.0,0.0,0.0,0.0,0.0,0.0,,,0.0,0.0,,,0.0,0.0,0.0,3.0,3.0,0.0,0.0,4.0,4.0
2022-12-02,04:45-04:48,0.0,0.0,0.0,0.0,0.0,0.0,0.0,0.0,0.0,0.0,0.0,0.0,0.0,0.0,0.0,-0.0,0.0,0.0,0.0,0.0,0.0,0.0,0.0,0.0,,,0.0,0.0,,,0.0,0.0,0.0,3.0,3.0,0.0,0.0,4.0,5.0
2022-12-02,04:48-04:51,0.0,0.0,0.0,0.0,0.0,0.0,0.0,0.0,0.0,0.0,0.0,0.0,0.0,0.0,0.0,-0.0,0.0,0.0,0.0,0.0,0.0,0.0,0.0,0.0,,,0.0,0.0,,,0.0,0.0,0.0,3.0,3.0,0.0,0.0,5.0,5.0
2022-12-02,04:51-04:54,0.0,0.0,0.0,0.0,0.0,0.0,0.0,0.0,0.0,0.0,0.0,0.0,0.0,0.0,0.0,-0.0,0.0,0.0,0.0,0.0,0.0,0.0,0.0,0.0,,,0.0,0.0,,,0.0,0.0,0.0,3.0,3.0,0.0,0.0,5.0,5.0
2022-12-02,04:54-04:57,0.0,0.0,0.0,0.0,0.0,0.0,0.0,0.0,0.0,0.0,0.0,0.0,0.0,0.0,0.0,-0.0,0.0,0.0,0.0,0.0,0.0,0.0,0.0,0.0,,,0.0,0.0,,,0.0,0.0,0.0,3.0,3.0,0.0,0.0,5.0,5.0
2022-12-02,04:57-05:00,0.0,0.0,0.0,0.0,0.0,0.0,0.0,0.0,0.0,0.0,0.0,0.0,0.0,0.0,0.0,-0.0,0.0,0.0,0.0,0.0,0.0,0.0,0.0,0.0,,,0.0,0.0,,,0.0,0.0,0.0,3.0,3.0,0.0,0.0,5.0,5.0
2022-12-02,05:00-05:03,0.0,0.0,0.0,0.0,0.0,0.0,0.0,0.0,0.0,0.0,0.0,0.0,0.0,0.0,0.0,-0.0,0.0,0.0,0.0,0.0,0.0,0.0,0.0,0.0,,,0.0,0.0,,,0.0,0.0,0.0,3.0,3.0,0.0,0.0,5.0,5.0
2022-12-02,05:03-05:06,0.0,0.0,0.0,0.0,0.0,0.0,0.0,0.0,0.0,0.0,0.0,0.0,0.0,0.0,0.0,-0.0,0.0,0.0,0.0,0.0,0.0,0.0,0.0,0.0,,,0.0,0.0,,,0.0,0.0,0.0,3.0,3.0,0.0,0.0,5.0,5.0
2022-12-02,05:06-05:09,0.0,0.0,0.0,0.0,0.0,0.0,0.0,0.0,0.0,0.0,0.0,0.0,0.0,0.0,0.0,-0.0,0.0,0.0,0.0,0.0,0.0,0.0,0.0,0.0,,,0.0,0.0,,,0.0,0.0,0.0,3.0,3.0,0.0,0.0,5.0,5.0
2022-12-02,05:09-05:12,0.0,0.0,0.0,0.0,0.0,0.0,0.0,0.0,0.0,0.0,0.0,0.0,0.0,0.0,0.0,-0.0,0.0,0.0,0.0,0.0,0.0,0.0,0.0,0.0,,,0.0,0.0,,,0.0,0.0,0.0,3.0,3.0,0.0,0.0,6.0,6.0
2022-12-02,05:12-05:15,1.0,0.15,1.0,0.11,20.38,0.0,0.0,0.04,0.0,0.0,0.0,0.0,0.0,0.0,0.0,-0.0,0.0,0.0,0.0,0.0,0.0,0.0,0.0,0.0,,,0.0,0.0,,,0.0,0.0,0.0,3.0,3.0,0.0,0.0,6.0,6.0
2022-12-02,05:15-05:18,1.0,0.26,1.0,0.0,0.0,0.0,0.0,0.26,47.26,0.0,0.0,0.0,0.0,0.0,0.0,-0.0,0.0,0.0,0.0,0.0,0.0,0.0,0.0,0.0,,,0.0,0.0,,,0.0,0.0,0.0,3.0,3.0,0.0,0.0,6.0,6.0
2022-12-02,05:18-05:21,0.0,0.0,0.0,0.0,0.0,0.0,0.0,-0.0,0.0,0.0,0.0,0.0,0.0,0.0,0.0,-0.0,0.0,0.0,0.0,0.0,0.0,0.0,0.0,0.0,,,0.0,0.0,,,0.0,0.0,0.0,3.0,3.0,0.0,0.0,6.0,6.0
2022-12-02,05:21-05:24,0.0,0.0,0.0,0.0,0.0,0.0,0.0,-0.0,0.0,0.0,0.0,0.0,0.0,0.0,0.0,-0.0,0.0,0.0,0.0,0.0,0.0,0.0,0.0,0.0,,,0.0,0.0,,,0.0,0.0,0.0,3.0,3.0,0.0,0.0,6.0,6.0
2022-12-02,05:24-05:27,0.0,0.07,0.0,0.0,0.0,0.0,0.0,-0.0,-0.0,0.0,0.0,0.0,0.0,0.0,0.0,0.07,0.0,0.0,0.0,0.0,0.0,0.0,0.0,0.0,,,0.0,0.0,,,0.0,0.0,0.0,4.0,4.0,0.0,0.0,6.0,6.0
2022-12-02,05:27-05:30,0.0,0.0,0.0,0.0,0.0,0.0,0.0,-0.0,0.0,0.0,0.0,0.0,0.0,0.0,0.0,0.0,0.0,0.0,0.0,0.0,0.0,0.0,0.0,0.0,,,0.0,0.0,,,0.0,0.0,0.0,4.0,5.0,0.0,0.0,8.0,8.0
2022-12-02,05:30-05:33,0.0,0.0,0.0,0.0,0.0,0.0,0.0,-0.0,0.0,0.0,0.0,0.0,0.0,0.0,0.0,0.0,0.0,0.0,0.0,0.0,0.0,0.0,0.0,0.0,,,0.0,0.0,,,0.0,0.0,0.0,5.0,5.0,0.0,0.0,9.0,9.0
2022-12-02,05:33-05:36,0.0,0.0,0.0,0.0,0.0,0.0,0.0,-0.0,0.0,0.0,0.0,0.0,0.0,0.0,0.0,0.0,0.0,0.0,0.0,0.0,0.0,0.0,0.0,0.0,,,0.0,0.0,,,0.0,0.0,0.0,9.0,9.0,0.0,0.0,9.0,9.0
2022-12-02,05:36-05:39,0.0,0.0,0.0,0.0,0.0,0.0,0.0,-0.0,0.0,0.0,0.0,0.0,0.0,0.0,0.0,0.0,0.0,0.0,0.0,0.0,0.0,0.0,0.0,0.0,,,0.0,0.0,,,0.0,0.0,0.0,9.0,10.0,0.0,0.0,9.0,9.0
2022-12-02,05:39-05:42,0.0,0.0,0.0,0.0,0.0,0.0,0.0,-0.0,0.0,0.0,0.0,0.0,0.0,0.0,0.0,0.0,0.0,0.0,0.0,0.0,0.0,0.0,0.0,0.0,,,0.0,0.0,,,0.34,0.0,0.0,9.0,10.0,0.0,0.0,9.0,9.0
2022-12-02,05:42-05:45,0.0,0.0,0.0,0.0,0.0,0.0,0.0,-0.0,0.0,0.0,0.0,0.0,0.0,0.0,0.0,0.0,0.0,0.0,0.0,0.0,0.0,0.0,0.0,0.0,,,0.0,0.0,,,0.0,0.0,0.0,9.0,10.0,0.0,0.0,9.0,9.0
2022-12-02,05:45-05:48,0.0,0.0,0.0,0.0,0.0,0.0,0.0,-0.0,-0.0,0.0,0.0,0.0,0.0,0.0,0.0,0.0,0.0,0.0,0.0,0.0,0.0,0.0,0.0,0.0,,,0.0,0.0,,,0.0,0.0,0.0,9.0,10.0,0.0,0.0,9.0,9.0
2022-12-02,05:48-05:51,0.0,0.26,0.0,0.0,0.0,0.0,0.0,0.11,19.87,0.0,0.0,0.15,13.55,0.0,0.0,0.0,0.0,0.0,0.0,0.0,0.0,0.0,0.0,0.0,,,0.0,0.0,,,0.0,0.0,0.0,9.0,10.0,0.0,0.0,10.0,9.0
2022-12-02,05:51-05:54,0.0,0.77,0.0,0.0,0.0,0.0,0.0,0.04,6.74,0.0,0.0,0.07,0.0,0.0,0.0,0.66,0.0,0.0,0.0,0.0,0.0,0.0,0.0,0.0,,,0.0,0.0,,,0.0,0.0,0.0,9.0,10.0,0.0,0.0,10.0,9.0
2022-12-02,05:54-05:57,0.0,0.0,0.0,0.0,0.0,0.0,0.0,-0.0,0.0,0.0,0.0,0.0,0.0,0.0,0.0,0.0,0.0,0.0,0.0,0.0,0.0,0.0,0.0,0.0,,,0.0,0.0,,,0.0,0.0,0.0,9.0,10.0,0.0,0.0,10.0,9.0
2022-12-02,05:57-06:00,0.0,0.99,0.0,0.0,0.0,0.0,0.0,-0.0,0.0,0.0,0.0,0.99,0.0,0.0,0.0,0.0,0.0,0.0,0.0,0.0,0.0,0.0,0.0,0.0,,,0.0,0.0,,,0.0,0.0,0.0,9.0,10.0,0.0,0.0,11.0,9.0
2022-12-02,06:00-06:03,0.0,0.11,0.0,0.11,19.97,0.0,0.0,-0.0,0.0,0.0,0.0,0.0,0.0,0.0,0.0,0.0,0.0,0.0,0.0,0.0,0.0,0.0,0.0,0.0,,,0.0,0.0,,,0.11,19.95,0.0,9.0,10.0,0.0,0.0,11.0,9.0
2022-12-02,06:03-06:06,1.0,0.74,1.0,0.74,66.81,0.0,0.0,-0.0,0.0,0.0,0.0,0.0,0.0,0.0,0.0,0.0,0.0,0.0,0.0,0.0,0.0,0.0,0.0,0.0,,,0.0,0.0,,,0.0,0.0,0.0,9.0,11.0,0.0,0.0,12.0,9.0
2022-12-02,06:06-06:09,0.0,0.08,0.0,0.04,0.0,0.0,0.0,0.04,0.0,0.0,0.0,0.0,0.0,0.0,0.0,0.0,0.0,0.0,0.0,0.0,0.0,0.0,0.0,0.0,,,0.0,0.0,,,0.0,0.0,0.0,9.0,11.0,0.0,0.0,13.0,9.0
2022-12-02,06:09-06:12,1.0,0.55,1.0,0.33,60.29,0.0,0.0,0.22,20.04,0.0,0.0,0.0,0.0,0.0,0.0,0.0,0.0,0.0,0.0,0.0,0.0,0.0,0.0,0.0,,,0.0,0.0,,,0.0,0.0,0.0,9.0,11.0,0.0,0.0,17.0,9.0
2022-12-02,06:12-06:15,0.0,0.0,0.0,-0.0,0.0,0.0,0.0,0.0,0.0,0.0,0.0,0.0,0.0,0.0,0.0,0.0,0.0,0.0,0.0,0.0,0.0,0.0,0.0,0.0,,,0.0,0.0,,,0.64,57.32,0.0,9.0,12.0,0.0,0.0,17.0,9.0
2022-12-02,06:15-06:18,0.0,0.0,0.0,-0.0,0.0,0.0,0.0,0.0,0.0,0.0,0.0,0.0,0.0,0.0,0.0,0.0,0.0,0.0,0.0,0.0,0.0,0.0,0.0,0.0,,,0.0,0.0,,,0.04,6.92,0.0,9.0,14.0,0.0,0.0,19.0,9.0
2022-12-02,06:18-06:21,0.0,0.0,0.0,-0.0,0.0,0.0,0.0,0.0,0.0,0.0,0.0,0.0,0.0,0.0,0.0,0.0,0.0,0.0,0.0,0.0,0.0,0.0,0.0,0.0,,,0.0,0.0,,,0.34,61.22,0.0,9.0,14.0,0.0,0.0,21.0,12.0
2022-12-02,06:21-06:24,0.0,0.04,0.0,0.04,6.63,0.0,0.0,0.0,0.0,0.0,0.0,0.0,0.0,0.0,0.0,0.0,0.0,0.0,0.0,0.0,0.0,0.0,0.0,0.0,,,0.0,0.0,,,0.11,20.25,0.0,9.0,15.0,0.0,0.0,21.0,13.0
2022-12-02,06:24-06:27,0.0,0.07,0.0,0.0,0.0,0.0,0.0,0.0,0.0,0.0,0.0,0.07,13.44,0.0,0.0,0.0,0.0,0.0,0.0,0.0,0.0,0.0,0.0,0.0,,,0.0,0.0,,,0.0,0.0,0.0,9.0,15.0,0.0,0.0,22.0,13.0
2022-12-02,06:27-06:30,0.0,0.48,0.0,0.0,0.0,0.0,0.0,0.26,0.0,0.0,0.0,-0.0,0.0,0.0,0.0,0.04,6.6,0.0,0.0,0.18,33.14,0.0,0.0,0.0,,,0.0,0.0,,,0.0,0.0,0.0,9.0,15.0,0.0,0.0,23.0,13.0
2022-12-02,06:30-06:33,0.0,0.0,0.0,0.0,0.0,0.0,0.0,0.0,0.0,0.0,0.0,-0.0,0.0,0.0,0.0,0.0,0.0,0.0,0.0,0.0,0.0,0.0,0.0,0.0,,,0.0,0.0,,,0.0,0.0,0.0,9.0,15.0,0.0,0.0,25.0,13.0
2022-12-02,06:33-06:36,0.0,0.0,0.0,0.0,0.0,0.0,0.0,0.0,0.0,0.0,0.0,-0.0,0.0,0.0,0.0,0.0,0.0,0.0,0.0,0.0,0.0,0.0,0.0,0.0,,,0.0,0.0,,,0.42,38.18,0.0,9.0,16.0,0.0,0.0,25.0,13.0
2022-12-02,06:36-06:39,1.0,1.03,1.0,1.03,185.76,0.0,0.0,0.0,0.0,0.0,0.0,-0.0,0.0,0.0,0.0,0.0,0.0,0.0,0.0,0.0,0.0,0.0,0.0,0.0,,,0.0,0.0,,,0.95,85.6,0.0,9.0,16.0,0.0,0.0,25.0,13.0
2022-12-02,06:39-06:42,1.0,1.02,1.0,1.02,183.18,0.0,0.0,0.0,0.0,0.0,0.0,-0.0,0.0,0.0,0.0,0.0,0.0,0.0,0.0,0.0,0.0,0.0,0.0,0.0,,,0.0,0.0,,,0.04,3.47,0.0,9.0,18.0,0.0,0.0,27.0,14.0
2022-12-02,06:42-06:45,1.0,0.08,1.0,0.08,13.95,0.0,0.0,0.0,0.0,0.0,0.0,-0.0,0.0,0.0,0.0,0.0,0.0,0.0,0.0,0.0,0.0,0.0,0.0,0.0,,,0.0,0.0,,,0.0,0.0,0.0,9.0,20.0,0.0,0.0,30.0,15.0
2022-12-02,06:45-06:48,1.0,0.61,1.0,0.61,54.58,0.0,0.0,0.0,0.0,0.0,0.0,-0.0,0.0,0.0,0.0,0.0,0.0,0.0,0.0,0.0,0.0,0.0,0.0,0.0,,,0.0,0.0,,,0.33,30.12,0.0,9.0,20.0,0.0,0.0,32.0,15.0
2022-12-02,06:48-06:51,1.0,0.9500000000000001,1.0,0.91,54.37,1.0,0.0,0.04,6.44,0.0,0.0,-0.0,0.0,0.0,0.0,0.0,0.0,0.0,0.0,0.0,0.0,0.0,0.0,0.0,,,0.0,0.0,,,0.31,55.0,0.0,9.0,22.0,0.0,0.0,34.0,15.0
2022-12-02,06:51-06:54,1.0,0.91,1.0,0.91,0.0,0.0,0.0,0.0,0.0,0.0,0.0,-0.0,0.0,0.0,0.0,0.0,0.0,0.0,0.0,0.0,0.0,0.0,0.0,0.0,,,0.0,0.0,,,0.15,27.0,0.0,9.0,22.0,0.0,0.0,35.0,16.0
2022-12-02,06:54-06:57,1.0,0.74,1.0,0.48,43.47,0.0,0.0,0.26,23.22,0.0,0.0,-0.0,0.0,0.0,0.0,0.0,0.0,0.0,0.0,0.0,0.0,0.0,0.0,0.0,,,0.0,0.0,,,0.07,13.16,0.0,9.0,22.0,0.0,0.0,37.0,17.0
2022-12-02,06:57-07:00,0.0,0.93,0.0,0.93,168.17,0.0,0.0,0.0,0.0,0.0,0.0,-0.0,0.0,0.0,0.0,0.0,0.0,0.0,0.0,0.0,0.0,0.0,0.0,0.0,,,0.0,0.0,,,0.88,157.59,0.0,9.0,23.0,0.0,0.0,39.0,18.0
2022-12-02,07:00-07:03,0.0,0.0,0.0,0.0,0.0,0.0,0.0,0.0,0.0,0.0,0.0,-0.0,0.0,0.0,0.0,0.0,0.0,0.0,0.0,0.0,0.0,0.0,0.0,0.0,,,0.0,0.0,,,0.0,0.0,0.0,9.0,23.0,0.0,0.0,40.0,18.0
2022-12-02,07:03-07:06,1.0,0.07,0.0,0.0,0.0,0.0,1.0,0.07,0.0,0.0,0.0,-0.0,0.0,0.0,0.0,0.0,0.0,0.0,0.0,0.0,0.0,0.0,0.0,0.0,,,0.0,0.0,,,0.0,0.0,0.0,9.0,23.0,0.0,0.0,41.0,18.0
2022-12-02,07:06-07:09,1.0,0.0,0.0,0.0,0.0,0.0,0.0,-0.0,0.0,0.0,0.0,-0.0,0.0,0.0,0.0,0.0,0.0,0.0,1.0,0.0,0.0,0.0,0.0,0.0,,,0.0,0.0,,,0.46,41.1,0.0,9.0,24.0,0.0,0.0,43.0,18.0
2022-12-02,07:09-07:12,0.0,0.0,0.0,0.0,0.0,0.0,0.0,-0.0,0.0,0.0,0.0,-0.0,0.0,0.0,0.0,0.0,0.0,0.0,0.0,0.0,0.0,0.0,0.0,0.0,,,0.0,0.0,,,0.15,27.24,0.0,9.0,25.0,0.0,0.0,45.0,19.0
2022-12-02,07:12-07:15,0.0,0.11,0.0,0.11,20.38,0.0,0.0,-0.0,0.0,0.0,0.0,-0.0,0.0,0.0,0.0,0.0,0.0,0.0,0.0,0.0,0.0,0.0,0.0,0.0,,,0.0,0.0,,,1.19,106.88,0.0,9.0,25.0,0.0,0.0,53.0,22.0
2022-12-02,07:15-07:18,1.0,0.75,1.0,0.53,95.77,1.0,0.0,0.22,40.13,0.0,0.0,-0.0,0.0,0.0,0.0,0.0,0.0,0.0,0.0,0.0,0.0,0.0,0.0,0.0,,,0.0,0.0,,,1.29,77.22,0.0,9.0,27.0,0.0,0.0,58.0,22.0
2022-12-02,07:18-07:21,0.0,0.23,0.0,0.23,40.78,0.0,0.0,0.0,0.0,0.0,0.0,-0.0,0.0,0.0,0.0,0.0,0.0,0.0,0.0,0.0,0.0,0.0,0.0,0.0,,,0.0,0.0,,,1.07,63.97,1.0,9.0,29.0,0.0,0.0,61.0,24.0
2022-12-02,07:21-07:24,1.0,0.91,1.0,0.91,81.64,0.0,0.0,0.0,0.0,0.0,0.0,-0.0,0.0,0.0,0.0,0.0,0.0,0.0,0.0,0.0,0.0,0.0,0.0,0.0,,,0.0,0.0,,,0.97,86.94,1.0,9.0,35.0,0.0,0.0,63.0,24.0
2022-12-02,07:24-07:27,0.0,0.49,0.0,0.49,43.71,0.0,0.0,0.0,0.0,0.0,0.0,-0.0,0.0,0.0,0.0,0.0,0.0,0.0,0.0,0.0,0.0,0.0,0.0,0.0,,,0.0,0.0,,,0.34,61.18,0.0,9.0,36.0,0.0,0.0,67.0,24.0
2022-12-02,07:27-07:30,1.0,0.46,1.0,0.46,82.47,1.0,0.0,0.0,0.0,0.0,0.0,-0.0,0.0,0.0,0.0,0.0,0.0,0.0,0.0,0.0,0.0,0.0,0.0,0.0,,,0.0,0.0,,,1.44,86.15,1.0,9.0,39.0,0.0,0.0,73.0,27.0
2022-12-02,07:30-07:33,0.0,0.0,0.0,0.0,0.0,0.0,0.0,0.0,0.0,0.0,0.0,-0.0,0.0,0.0,0.0,0.0,0.0,0.0,0.0,0.0,0.0,0.0,0.0,0.0,,,0.0,0.0,,,0.11,20.05,1.0,9.0,41.0,0.0,0.0,78.0,27.0
2022-12-02,07:33-07:36,1.0,1.09,1.0,1.09,65.41,0.0,0.0,0.0,0.0,0.0,0.0,-0.0,0.0,0.0,0.0,0.0,0.0,0.0,0.0,0.0,0.0,0.0,0.0,0.0,,,0.0,0.0,,,0.0,0.0,0.0,9.0,43.0,0.0,0.0,78.0,27.0
2022-12-02,07:36-07:39,1.0,0.46,1.0,0.46,41.06,1.0,0.0,0.0,0.0,0.0,0.0,-0.0,0.0,0.0,0.0,0.0,0.0,0.0,0.0,0.0,0.0,0.0,0.0,0.0,,,0.0,0.0,,,0.83,149.43,0.0,9.0,45.0,0.0,0.0,81.0,28.0
2022-12-02,07:39-07:42,0.0,0.07,0.0,0.07,0.0,0.0,0.0,-0.0,0.0,0.0,0.0,-0.0,0.0,0.0,0.0,0.0,0.0,0.0,0.0,0.0,0.0,0.0,0.0,0.0,,,0.0,0.0,,,0.98,88.53,0.0,9.0,47.0,0.0,0.0,84.0,29.0
2022-12-02,07:42-07:45,0.0,0.0,0.0,-0.0,0.0,0.0,0.0,0.0,0.0,0.0,0.0,-0.0,0.0,0.0,0.0,0.0,0.0,0.0,0.0,0.0,0.0,0.0,0.0,0.0,,,0.0,0.0,,,0.04,0.0,0.0,9.0,50.0,0.0,0.0,86.0,29.0
2022-12-02,07:45-07:48,0.0,0.11,0.0,0.11,20.11,0.0,0.0,0.0,0.0,0.0,0.0,-0.0,0.0,0.0,0.0,0.0,0.0,0.0,0.0,0.0,0.0,0.0,0.0,0.0,,,0.0,0.0,,,0.0,0.0,0.0,9.0,51.0,0.0,0.0,90.0,29.0
2022-12-02,07:48-07:51,0.0,0.0,0.0,-0.0,0.0,0.0,0.0,0.0,0.0,0.0,0.0,-0.0,0.0,0.0,0.0,0.0,0.0,0.0,0.0,0.0,0.0,0.0,0.0,0.0,,,0.0,0.0,,,0.0,0.0,0.0,9.0,52.0,0.0,0.0,93.0,29.0
2022-12-02,07:51-07:54,0.0,-0.04,0.0,-0.0,0.0,0.0,0.0,-0.04,0.0,0.0,0.0,-0.0,0.0,0.0,0.0,0.0,0.0,0.0,0.0,0.0,0.0,0.0,0.0,0.0,,,0.0,0.0,,,1.35,81.26,1.0,9.0,55.0,0.0,0.0,94.0,29.0
2022-12-02,07:54-07:57,0.0,0.0,0.0,-0.0,0.0,0.0,0.0,0.0,0.0,0.0,0.0,-0.0,0.0,0.0,0.0,0.0,0.0,0.0,0.0,0.0,0.0,0.0,0.0,0.0,,,0.0,0.0,,,0.79,35.59,1.0,9.0,56.0,0.0,0.0,95.0,29.0
2022-12-02,07:57-08:00,0.0,0.07,0.0,-0.0,0.0,0.0,0.0,0.07,13.14,1.0,0.0,-0.0,0.0,0.0,0.0,0.0,0.0,0.0,0.0,0.0,0.0,0.0,0.0,0.0,,,0.0,0.0,,,0.04,6.84,0.0,9.0,56.0,0.0,0.0,97.0,29.0
2022-12-02,08:00-08:03,1.0,0.56,1.0,0.3,0.0,0.0,0.0,0.26,46.97,0.0,0.0,-0.0,0.0,0.0,0.0,0.0,0.0,0.0,0.0,0.0,0.0,0.0,0.0,0.0,,,0.0,0.0,,,0.23,40.76,0.0,9.0,57.0,0.0,0.0,99.0,30.0
2022-12-02,08:03-08:06,0.0,0.04,0.0,0.04,0.0,0.0,0.0,0.0,0.0,0.0,0.0,-0.0,0.0,0.0,0.0,0.0,0.0,0.0,0.0,0.0,0.0,0.0,0.0,0.0,,,0.0,0.0,,,0.53,94.9,0.0,9.0,58.0,0.0,0.0,101.0,31.0
2022-12-02,08:06-08:09,0.0,0.0,0.0,-0.0,0.0,0.0,0.0,0.0,0.0,0.0,0.0,-0.0,0.0,0.0,0.0,0.0,0.0,0.0,0.0,0.0,0.0,0.0,0.0,0.0,,,0.0,0.0,,,0.11,20.58,0.0,9.0,59.0,0.0,0.0,103.0,31.0
2022-12-02,08:09-08:12,1.0,0.89,1.0,0.78,46.83,0.0,0.0,0.11,10.01,0.0,0.0,-0.0,0.0,0.0,0.0,0.0,0.0,0.0,0.0,0.0,0.0,0.0,0.0,0.0,,,0.0,0.0,,,0.52,94.07,0.0,9.0,62.0,0.0,0.0,108.0,31.0
2022-12-02,08:12-08:15,1.0,0.5700000000000001,1.0,0.53,23.7,0.0,0.0,0.04,0.0,0.0,0.0,-0.0,0.0,0.0,0.0,0.0,0.0,0.0,0.0,0.0,0.0,0.0,0.0,0.0,,,0.0,0.0,,,0.0,0.0,0.0,9.0,64.0,0.0,0.0,116.0,32.0
2022-12-02,08:15-08:18,1.0,0.96,1.0,0.96,86.79,0.0,0.0,0.0,0.0,0.0,0.0,-0.0,0.0,0.0,0.0,0.0,0.0,0.0,0.0,0.0,0.0,0.0,0.0,0.0,,,0.0,0.0,,,0.27,47.85,0.0,9.0,65.0,0.0,0.0,118.0,33.0
2022-12-02,08:18-08:21,1.0,0.85,1.0,0.85,76.49,0.0,0.0,0.0,0.0,0.0,0.0,-0.0,0.0,0.0,0.0,0.0,0.0,0.0,0.0,0.0,0.0,0.0,0.0,0.0,,,0.0,0.0,,,0.94,84.94,0.0,9.0,67.0,0.0,0.0,122.0,33.0
2022-12-02,08:21-08:24,1.0,0.15000000000000002,1.0,0.07,13.36,0.0,0.0,0.08,13.64,0.0,0.0,-0.0,0.0,0.0,0.0,0.0,0.0,0.0,0.0,0.0,0.0,0.0,0.0,0.0,,,0.0,0.0,,,0.42,74.89,1.0,9.0,72.0,0.0,0.0,126.0,34.0
2022-12-02,08:24-08:27,1.0,0.71,1.0,0.71,63.55,0.0,0.0,0.0,0.0,0.0,0.0,-0.0,0.0,0.0,0.0,0.0,0.0,0.0,0.0,0.0,0.0,0.0,0.0,0.0,,,0.0,0.0,,,0.0,0.0,0.0,9.0,72.0,0.0,0.0,132.0,36.0
2022-12-02,08:27-08:30,1.0,1.02,1.0,1.02,91.38,1.0,0.0,0.0,0.0,0.0,0.0,-0.0,0.0,0.0,0.0,0.0,0.0,0.0,0.0,0.0,0.0,0.0,0.0,0.0,,,0.0,0.0,,,1.07,64.21,0.0,9.0,74.0,0.0,0.0,133.0,36.0
2022-12-02,08:30-08:33,1.0,0.56,1.0,0.56,33.56,0.0,0.0,0.0,0.0,0.0,0.0,-0.0,0.0,0.0,0.0,0.0,0.0,0.0,0.0,0.0,0.0,0.0,0.0,0.0,,,0.0,0.0,,,1.41,126.5,0.0,9.0,80.0,0.0,0.0,136.0,37.0
2022-12-02,08:33-08:36,1.0,1.8,1.0,1.8,162.24,0.0,0.0,0.0,0.0,0.0,0.0,-0.0,0.0,0.0,0.0,0.0,0.0,0.0,0.0,0.0,0.0,0.0,0.0,0.0,,,0.0,0.0,,,0.72,43.13,1.0,9.0,83.0,0.0,0.0,142.0,37.0
2022-12-02,08:36-08:39,1.0,1.97,1.0,1.97,118.32,0.0,0.0,0.0,0.0,0.0,0.0,-0.0,0.0,0.0,0.0,0.0,0.0,0.0,0.0,0.0,0.0,0.0,0.0,0.0,,,0.0,0.0,,,1.75,63.08,0.0,9.0,86.0,0.0,0.0,142.0,37.0
2022-12-02,08:39-08:42,1.0,1.05,1.0,1.05,94.92,2.0,0.0,0.0,0.0,0.0,0.0,-0.0,0.0,0.0,0.0,0.0,0.0,0.0,0.0,0.0,0.0,0.0,0.0,0.0,,,0.0,0.0,,,1.63,73.17,0.0,10.0,92.0,0.0,0.0,144.0,37.0
2022-12-02,08:42-08:45,1.0,0.14,1.0,0.14,0.0,0.0,0.0,0.0,0.0,0.0,0.0,-0.0,0.0,0.0,0.0,0.0,0.0,0.0,0.0,0.0,0.0,0.0,0.0,0.0,,,0.0,0.0,,,0.72,43.36,0.0,10.0,94.0,0.0,0.0,146.0,37.0
2022-12-02,08:45-08:48,0.0,0.0,0.0,0.0,0.0,0.0,0.0,0.0,0.0,0.0,0.0,-0.0,0.0,0.0,0.0,0.0,0.0,0.0,0.0,0.0,0.0,0.0,0.0,0.0,,,0.0,0.0,,,0.11,20.16,0.0,11.0,95.0,0.0,0.0,151.0,37.0
2022-12-02,08:48-08:51,1.0,1.12,1.0,1.01,182.33,0.0,0.0,0.11,19.85,0.0,0.0,-0.0,0.0,0.0,0.0,0.0,0.0,0.0,0.0,0.0,0.0,0.0,0.0,0.0,,,0.0,0.0,,,0.23,40.7,0.0,11.0,97.0,0.0,0.0,157.0,37.0
2022-12-02,08:51-08:54,1.0,0.42,1.0,0.42,75.01,0.0,0.0,0.0,0.0,0.0,0.0,-0.0,0.0,0.0,0.0,0.0,0.0,0.0,0.0,0.0,0.0,0.0,0.0,0.0,,,0.0,0.0,,,0.22,0.0,0.0,11.0,99.0,0.0,0.0,159.0,37.0
2022-12-02,08:54-08:57,1.0,1.01,1.0,1.01,182.12,0.0,0.0,0.0,0.0,0.0,0.0,-0.0,0.0,0.0,0.0,0.0,0.0,0.0,0.0,0.0,0.0,0.0,0.0,0.0,,,0.0,0.0,,,0.0,0.0,0.0,11.0,99.0,0.0,0.0,165.0,37.0
2022-12-02,08:57-09:00,0.0,0.26,0.0,0.26,46.9,0.0,0.0,0.0,0.0,0.0,0.0,-0.0,0.0,0.0,0.0,0.0,0.0,0.0,0.0,0.0,0.0,0.0,0.0,0.0,,,0.0,0.0,,,1.05,94.52,0.0,11.0,104.0,0.0,0.0,170.0,39.0
2022-12-02,09:00-09:03,2.0,0.6000000000000001,1.0,0.34,60.79,0.0,1.0,0.26,46.84,0.0,0.0,-0.0,0.0,0.0,0.0,0.0,0.0,0.0,0.0,0.0,0.0,0.0,0.0,0.0,,,0.0,0.0,,,0.22,0.0,0.0,11.0,106.0,0.0,0.0,172.0,40.0
2022-12-02,09:03-09:06,2.0,1.19,1.0,1.0,180.69,0.0,1.0,0.15,13.38,0.0,0.0,0.04,6.43,0.0,0.0,0.0,0.0,0.0,0.0,0.0,0.0,0.0,0.0,0.0,,,0.0,0.0,,,0.49,88.26,0.0,11.0,109.0,0.0,0.0,178.0,41.0
2022-12-02,09:06-09:09,1.0,1.21,1.0,1.06,95.21,0.0,0.0,0.15,26.17,0.0,0.0,-0.0,0.0,0.0,0.0,0.0,0.0,0.0,0.0,0.0,0.0,0.0,0.0,0.0,,,0.0,0.0,,,0.77,137.93,0.0,11.0,111.0,0.0,1.0,185.0,42.0
2022-12-02,09:09-09:12,2.0,1.51,1.0,0.75,135.41,0.0,1.0,0.76,68.03,0.0,0.0,-0.0,0.0,0.0,0.0,0.0,0.0,0.0,0.0,0.0,0.0,0.0,0.0,0.0,,,0.0,0.0,,,0.84,75.35,0.0,11.0,116.0,0.0,1.0,189.0,42.0
2022-12-02,09:12-09:15,1.0,1.52,0.0,0.0,0.0,0.0,1.0,1.52,68.39,1.0,0.0,-0.0,0.0,0.0,0.0,0.0,0.0,0.0,0.0,0.0,0.0,0.0,0.0,0.0,,,0.0,0.0,,,0.57,51.28,1.0,11.0,123.0,0.0,1.0,197.0,42.0
2022-12-02,09:15-09:18,2.0,1.77,1.0,0.45,81.73,0.0,1.0,1.32,79.43,1.0,0.0,-0.0,0.0,0.0,0.0,0.0,0.0,0.0,0.0,0.0,0.0,0.0,0.0,0.0,,,0.0,0.0,,,1.24,74.64,1.0,11.0,125.0,0.0,1.0,203.0,43.0
2022-12-02,09:18-09:21,1.0,0.87,0.0,0.0,0.0,0.0,1.0,0.79,47.59,0.0,0.0,-0.0,0.0,0.0,0.0,0.08,6.78,0.0,0.0,0.0,0.0,0.0,0.0,0.0,,,0.0,0.0,,,0.49,0.0,0.0,11.0,130.0,0.0,1.0,208.0,43.0
2022-12-02,09:21-09:24,1.0,1.92,0.0,0.0,0.0,0.0,1.0,1.92,115.27,0.0,0.0,-0.0,0.0,0.0,0.0,-0.0,0.0,0.0,0.0,0.0,0.0,0.0,0.0,0.0,,,0.0,0.0,,,0.0,0.0,0.0,11.0,133.0,0.0,1.0,213.0,45.0
2022-12-02,09:24-09:27,2.0,3.11,1.0,1.25,75.08,0.0,1.0,1.79,0.0,0.0,0.0,-0.0,0.0,0.0,0.0,0.07,0.0,0.0,0.0,0.0,0.0,0.0,0.0,0.0,,,0.0,0.0,,,0.23,40.86,0.0,11.0,134.0,0.0,1.0,220.0,45.0
2022-12-02,09:27-09:30,2.0,2.37,1.0,1.39,83.59,1.0,1.0,0.98,88.23,0.0,0.0,-0.0,0.0,0.0,0.0,0.0,0.0,0.0,0.0,0.0,0.0,0.0,0.0,0.0,,,0.0,0.0,,,0.53,95.64,1.0,12.0,139.0,0.0,1.0,228.0,45.0
2022-12-02,09:30-09:33,2.0,2.01,1.0,0.95,170.43,0.0,1.0,1.06,95.16,0.0,0.0,-0.0,0.0,0.0,0.0,0.0,0.0,0.0,0.0,0.0,0.0,0.0,0.0,0.0,,,0.0,0.0,,,1.38,123.77,1.0,12.0,141.0,0.0,1.0,232.0,46.0
2022-12-02,09:33-09:36,2.0,2.76,1.0,0.98,176.6,0.0,1.0,1.78,160.04,0.0,0.0,-0.0,0.0,0.0,0.0,0.0,0.0,0.0,0.0,0.0,0.0,0.0,0.0,0.0,,,0.0,0.0,,,1.67,60.29,1.0,12.0,146.0,0.0,1.0,239.0,46.0
2022-12-02,09:36-09:39,2.0,1.9300000000000002,1.0,0.88,79.2,1.0,1.0,1.05,189.34,0.0,0.0,-0.0,0.0,0.0,0.0,0.0,0.0,0.0,0.0,0.0,0.0,0.0,0.0,0.0,,,0.0,0.0,,,0.38,68.32,0.0,13.0,150.0,0.0,1.0,241.0,46.0
2022-12-02,09:39-09:42,2.0,1.27,1.0,0.97,87.28,0.0,1.0,0.3,26.83,0.0,0.0,-0.0,0.0,0.0,0.0,0.0,0.0,0.0,0.0,0.0,0.0,0.0,0.0,0.0,,,0.0,0.0,,,0.49,44.35,0.0,13.0,152.0,0.0,1.0,250.0,49.0
2022-12-02,09:42-09:45,2.0,1.88,1.0,0.49,29.47,0.0,1.0,1.39,83.38,0.0,0.0,-0.0,0.0,0.0,0.0,0.0,0.0,0.0,0.0,0.0,0.0,0.0,0.0,0.0,,,0.0,0.0,,,1.7,101.73,0.0,13.0,155.0,0.0,1.0,254.0,49.0
2022-12-02,09:45-09:48,2.0,1.63,1.0,0.61,54.77,0.0,1.0,1.02,92.03,0.0,0.0,-0.0,0.0,0.0,0.0,0.0,0.0,0.0,0.0,0.0,0.0,0.0,0.0,0.0,,,0.0,0.0,,,1.56,93.32,0.0,13.0,156.0,0.0,1.0,261.0,50.0
2022-12-02,09:48-09:51,2.0,2.34,1.0,1.02,183.28,1.0,1.0,1.32,79.24,1.0,0.0,-0.0,0.0,0.0,0.0,0.0,0.0,0.0,0.0,0.0,0.0,0.0,0.0,0.0,,,0.0,0.0,,,0.19,17.27,0.0,13.0,158.0,0.0,1.0,264.0,50.0
2022-12-02,09:51-09:54,1.0,0.26,0.0,0.0,0.0,0.0,1.0,0.26,46.47,0.0,0.0,-0.0,0.0,0.0,0.0,0.0,0.0,0.0,0.0,0.0,0.0,0.0,0.0,0.0,,,0.0,0.0,,,0.42,74.84,0.0,13.0,162.0,0.0,1.0,269.0,54.0
2022-12-02,09:54-09:57,0.0,0.11,0.0,0.0,0.0,0.0,0.0,0.11,10.23,0.0,0.0,-0.0,0.0,0.0,0.0,0.0,0.0,0.0,0.0,0.0,0.0,0.0,0.0,0.0,,,0.0,0.0,,,1.3,117.28,0.0,13.0,165.0,0.0,1.0,277.0,55.0
2022-12-02,09:57-10:00,2.0,0.97,1.0,0.11,0.0,0.0,1.0,0.86,154.8,1.0,0.0,-0.0,0.0,0.0,0.0,0.0,0.0,0.0,0.0,0.0,0.0,0.0,0.0,0.0,,,0.0,0.0,,,1.28,115.65,0.0,13.0,166.0,0.0,1.0,282.0,56.0
2022-12-02,10:00-10:03,2.0,1.21,1.0,0.04,0.0,0.0,1.0,1.02,60.91,0.0,0.0,0.15,26.52,0.0,0.0,0.0,0.0,0.0,0.0,0.0,0.0,0.0,0.0,0.0,,,0.0,0.0,,,0.34,61.09,0.0,13.0,168.0,0.0,1.0,292.0,58.0
2022-12-02,10:03-10:06,1.0,1.05,0.0,0.0,0.0,0.0,1.0,1.05,94.42,0.0,0.0,0.0,0.0,0.0,0.0,0.0,0.0,0.0,0.0,0.0,0.0,0.0,0.0,0.0,,,0.0,0.0,,,0.92,41.39,1.0,13.0,170.0,0.0,1.0,295.0,58.0
2022-12-02,10:06-10:09,2.0,1.88,1.0,0.75,135.35,0.0,1.0,1.13,202.95,0.0,0.0,0.0,0.0,0.0,0.0,0.0,0.0,0.0,0.0,0.0,0.0,0.0,0.0,0.0,,,0.0,0.0,,,0.46,82.37,0.0,13.0,170.0,0.0,2.0,302.0,60.0
2022-12-02,10:09-10:12,2.0,1.41,1.0,0.42,37.92,0.0,1.0,0.99,89.26,0.0,0.0,0.0,0.0,0.0,0.0,0.0,0.0,0.0,0.0,0.0,0.0,0.0,0.0,0.0,,,0.0,0.0,,,0.93,83.44,0.0,13.0,175.0,0.0,2.0,307.0,62.0
2022-12-02,10:12-10:15,1.0,1.5299999999999998,1.0,1.38,62.16,0.0,0.0,0.15,13.29,0.0,0.0,0.0,0.0,0.0,0.0,0.0,0.0,0.0,0.0,0.0,0.0,0.0,0.0,0.0,,,0.0,0.0,,,0.69,0.0,0.0,13.0,178.0,0.0,2.0,317.0,64.0
2022-12-02,10:15-10:18,1.0,1.87,1.0,1.87,112.28,0.0,0.0,0.0,0.0,0.0,0.0,0.0,0.0,0.0,0.0,0.0,0.0,0.0,0.0,0.0,0.0,0.0,0.0,0.0,,,0.0,0.0,,,1.98,119.06,0.0,14.0,181.0,0.0,2.0,328.0,64.0
2022-12-02,10:18-10:21,1.0,2.2,1.0,2.2,99.0,0.0,0.0,0.0,0.0,0.0,0.0,0.0,0.0,0.0,0.0,0.0,0.0,0.0,0.0,0.0,0.0,0.0,0.0,0.0,,,0.0,0.0,,,1.36,121.95,0.0,14.0,188.0,0.0,2.0,340.0,66.0
2022-12-02,10:21-10:24,2.0,3.2199999999999998,1.0,1.75,157.07,0.0,0.0,0.0,0.0,0.0,1.0,1.47,88.22,1.0,0.0,0.0,0.0,0.0,0.0,0.0,0.0,0.0,0.0,0.0,,,0.0,0.0,,,1.12,67.0,0.0,14.0,193.0,0.0,2.0,354.0,67.0
2022-12-02,10:24-10:27,2.0,3.3899999999999997,1.0,1.95,87.9,0.0,0.0,0.0,0.0,0.0,1.0,1.44,51.94,0.0,0.0,0.0,0.0,0.0,0.0,0.0,0.0,0.0,0.0,0.0,,,0.0,0.0,,,0.0,0.0,0.0,14.0,199.0,0.0,2.0,365.0,69.0
2022-12-02,10:27-10:30,2.0,2.71,1.0,0.87,78.69,0.0,0.0,0.0,0.0,0.0,1.0,1.84,110.18,0.0,0.0,0.0,0.0,0.0,0.0,0.0,0.0,0.0,0.0,0.0,,,0.0,0.0,,,1.21,54.5,0.0,14.0,202.0,0.0,2.0,372.0,71.0
2022-12-02,10:30-10:33,2.0,2.81,1.0,0.92,165.25,0.0,0.0,0.0,0.0,0.0,1.0,1.89,68.14,0.0,0.0,0.0,0.0,0.0,0.0,0.0,0.0,0.0,0.0,0.0,,,0.0,0.0,,,0.86,51.34,0.0,14.0,209.0,0.0,2.0,384.0,75.0
2022-12-02,10:33-10:36,2.0,3.19,1.0,1.22,73.31,0.0,0.0,0.0,0.0,0.0,1.0,1.97,88.79,0.0,0.0,0.0,0.0,0.0,0.0,0.0,0.0,0.0,0.0,0.0,,,0.0,0.0,,,2.31,138.89,0.0,16.0,216.0,0.0,2.0,392.0,80.0
2022-12-02,10:36-10:39,2.0,3.02,1.0,1.51,90.54,1.0,0.0,0.0,0.0,0.0,1.0,1.51,54.41,1.0,0.0,0.0,0.0,0.0,0.0,0.0,0.0,0.0,0.0,0.0,,,0.0,0.0,,,0.56,33.68,0.0,16.0,221.0,0.0,2.0,398.0,80.0
2022-12-02,10:39-10:42,3.0,4.21,1.0,0.82,147.9,0.0,0.0,0.0,0.0,0.0,1.0,2.55,152.7,0.0,1.0,0.84,75.49,0.0,0.0,0.0,0.0,0.0,0.0,0.0,,,0.0,0.0,,,1.48,66.61,0.0,16.0,225.0,0.0,3.0,410.0,80.0
2022-12-02,10:42-10:45,2.0,3.16,0.0,0.0,0.0,0.0,0.0,0.0,0.0,0.0,1.0,1.72,155.24,0.0,1.0,1.44,86.44,0.0,0.0,0.0,0.0,0.0,0.0,0.0,,,0.0,0.0,,,0.12,10.37,1.0,16.0,231.0,0.0,3.0,419.0,80.0
2022-12-02,10:45-10:48,3.0,3.6900000000000004,0.0,0.0,0.0,0.0,1.0,1.04,93.66,0.0,1.0,0.41,24.6,1.0,1.0,2.24,100.91,1.0,0.0,0.0,0.0,0.0,0.0,0.0,,,0.0,0.0,,,0.22,40.44,0.0,16.0,235.0,0.0,3.0,426.0,81.0
2022-12-02,10:48-10:51,2.0,5.42,0.0,0.0,0.0,0.0,1.0,2.08,124.65,1.0,0.0,0.0,0.0,0.0,1.0,3.34,85.98,1.0,0.0,0.0,0.0,0.0,0.0,0.0,,,0.0,0.0,,,3.0,90.02,0.0,16.0,242.0,0.0,3.0,435.0,83.0
2022-12-02,10:51-10:54,2.0,6.379999999999999,0.0,0.0,0.0,0.0,1.0,2.07,186.38,0.0,0.0,0.0,0.0,0.0,1.0,4.31,155.27,1.0,0.0,0.0,0.0,0.0,0.0,0.0,,,0.0,0.0,,,2.35,84.49,1.0,17.0,246.0,0.0,3.0,441.0,84.0
2022-12-02,10:54-10:57,2.0,4.12,0.0,0.0,0.0,0.0,1.0,1.84,66.28,1.0,0.0,0.0,0.0,0.0,1.0,2.28,136.6,1.0,0.0,0.0,0.0,0.0,0.0,0.0,,,0.0,0.0,,,2.0,179.99,1.0,17.0,255.0,0.0,3.0,453.0,85.0
2022-12-02,10:57-11:00,3.0,3.66,1.0,0.0,0.0,0.0,1.0,2.0,90.16,1.0,0.0,0.0,0.0,0.0,1.0,1.66,99.32,0.0,0.0,0.0,0.0,0.0,0.0,0.0,,,0.0,0.0,,,0.91,162.94,1.0,17.0,267.0,0.0,3.0,464.0,88.0
2022-12-02,11:00-11:03,1.0,2.1999999999999997,0.0,0.0,0.0,0.0,1.0,2.05,52.61,0.0,0.0,0.0,0.0,0.0,0.0,0.15,13.24,0.0,0.0,0.0,0.0,0.0,0.0,0.0,,,0.0,0.0,,,1.86,83.57,0.0,17.0,271.0,0.0,3.0,475.0,91.0
2022-12-02,11:03-11:06,3.0,2.6999999999999997,1.0,0.04,0.0,0.0,1.0,2.07,74.47,0.0,1.0,0.59,35.25,0.0,0.0,0.0,0.0,0.0,0.0,0.0,0.0,0.0,0.0,0.0,,,0.0,0.0,,,3.54,106.12,1.0,18.0,277.0,0.0,3.0,481.0,92.0
2022-12-02,11:06-11:09,2.0,3.8,0.0,0.0,0.0,0.0,1.0,1.8,81.03,1.0,1.0,2.0,71.89,0.0,0.0,0.0,0.0,0.0,0.0,0.0,0.0,0.0,0.0,0.0,,,0.0,0.0,,,1.53,69.01,2.0,18.0,282.0,0.0,3.0,491.0,93.0
2022-12-02,11:09-11:12,2.0,4.0,0.0,0.0,0.0,0.0,1.0,1.99,89.45,0.0,1.0,2.01,120.73,1.0,0.0,0.0,0.0,0.0,0.0,0.0,0.0,0.0,0.0,0.0,,,0.0,0.0,,,1.04,93.69,1.0,18.0,286.0,0.0,3.0,503.0,97.0
2022-12-02,11:12-11:15,3.0,6.0600000000000005,0.0,0.0,0.0,0.0,1.0,1.95,117.09,0.0,1.0,2.71,81.25,0.0,1.0,1.4,62.87,0.0,0.0,0.0,0.0,0.0,0.0,0.0,,,0.0,0.0,,,2.54,114.19,2.0,18.0,293.0,0.0,3.0,514.0,97.0
2022-12-02,11:15-11:18,3.0,5.199999999999999,0.0,0.0,0.0,0.0,1.0,1.06,95.01,0.0,1.0,2.05,92.46,0.0,1.0,2.09,125.61,0.0,0.0,0.0,0.0,0.0,0.0,0.0,,,0.0,0.0,,,0.53,48.13,0.0,18.0,297.0,0.0,3.0,522.0,98.0
2022-12-02,11:18-11:21,3.0,3.9899999999999998,0.0,0.08,13.54,0.0,1.0,1.65,99.26,0.0,1.0,1.63,97.54,1.0,1.0,0.63,57.01,0.0,0.0,0.0,0.0,0.0,0.0,0.0,,,0.0,0.0,,,0.53,95.99,0.0,19.0,307.0,0.0,3.0,530.0,99.0
2022-12-02,11:21-11:24,2.0,3.1399999999999997,0.0,0.0,0.0,0.0,1.0,1.9,113.78,0.0,1.0,1.24,55.86,1.0,0.0,0.0,0.0,0.0,0.0,0.0,0.0,0.0,0.0,0.0,,,0.0,0.0,,,1.01,91.09,0.0,19.0,312.0,0.0,3.0,538.0,102.0
2022-12-02,11:24-11:27,2.0,3.08,0.0,0.28,49.97,0.0,1.0,1.64,98.12,0.0,1.0,1.16,69.49,1.0,0.0,0.0,0.0,0.0,0.0,0.0,0.0,0.0,0.0,0.0,,,0.0,0.0,,,1.75,78.83,3.0,19.0,320.0,0.0,3.0,541.0,102.0
2022-12-02,11:27-11:30,2.0,1.8900000000000001,0.0,0.0,0.0,0.0,1.0,0.87,78.1,0.0,1.0,1.02,183.51,0.0,0.0,0.0,0.0,0.0,0.0,0.0,0.0,0.0,0.0,0.0,,,0.0,0.0,,,0.96,57.48,1.0,19.0,326.0,0.0,3.0,549.0,103.0
2022-12-02,11:30-11:33,2.0,2.56,1.0,0.23,0.0,0.0,1.0,1.99,71.8,0.0,0.0,0.34,61.5,0.0,0.0,0.0,0.0,0.0,0.0,0.0,0.0,0.0,0.0,0.0,,,0.0,0.0,,,1.8,107.83,2.0,19.0,332.0,0.0,3.0,555.0,104.0
2022-12-02,11:33-11:36,2.0,2.96,0.0,0.0,0.0,0.0,1.0,1.73,104.06,1.0,1.0,1.23,110.54,0.0,0.0,0.0,0.0,0.0,0.0,0.0,0.0,0.0,0.0,0.0,,,0.0,0.0,,,2.66,119.77,2.0,19.0,339.0,0.0,3.0,567.0,108.0
2022-12-02,11:36-11:39,3.0,3.13,1.0,1.64,147.96,0.0,1.0,0.19,34.34,0.0,1.0,1.3,116.76,0.0,0.0,0.0,0.0,0.0,0.0,0.0,0.0,0.0,0.0,0.0,,,0.0,0.0,,,0.74,66.46,2.0,19.0,344.0,0.0,3.0,577.0,108.0
2022-12-02,11:39-11:42,3.0,3.84,1.0,1.93,173.87,0.0,1.0,0.46,41.51,0.0,1.0,1.45,87.04,0.0,0.0,0.0,0.0,0.0,0.0,0.0,0.0,0.0,0.0,0.0,,,0.0,0.0,,,0.77,45.94,1.0,19.0,346.0,0.0,3.0,590.0,108.0
2022-12-02,11:42-11:45,3.0,3.62,1.0,1.28,76.93,1.0,1.0,1.2,107.89,0.0,1.0,1.14,102.78,0.0,0.0,0.0,0.0,0.0,0.0,0.0,0.0,0.0,0.0,0.0,,,0.0,0.0,,,1.51,38.94,1.0,19.0,350.0,0.0,3.0,598.0,108.0
2022-12-02,11:45-11:48,3.0,3.45,1.0,1.44,86.59,1.0,1.0,0.89,40.13,0.0,1.0,1.12,67.19,0.0,0.0,0.0,0.0,0.0,0.0,0.0,0.0,0.0,0.0,0.0,,,0.0,0.0,,,3.52,90.41,2.0,19.0,357.0,0.0,3.0,605.0,110.0
2022-12-02,11:48-11:51,2.0,1.9600000000000002,1.0,1.35,80.98,0.0,1.0,0.34,31.04,0.0,0.0,0.27,48.84,0.0,0.0,0.0,0.0,0.0,0.0,0.0,0.0,0.0,0.0,0.0,,,0.0,0.0,,,2.09,75.11,3.0,19.0,364.0,0.0,4.0,614.0,113.0
2022-12-02,11:51-11:54,3.0,2.3200000000000003,1.0,1.26,113.5,0.0,1.0,0.61,110.62,0.0,1.0,0.45,81.37,0.0,0.0,0.0,0.0,0.0,0.0,0.0,0.0,0.0,0.0,0.0,,,0.0,0.0,,,0.84,50.61,0.0,19.0,370.0,0.0,4.0,631.0,113.0
2022-12-02,11:54-11:57,3.0,3.39,1.0,1.4,126.31,0.0,1.0,0.97,58.41,0.0,1.0,1.02,45.81,1.0,0.0,0.0,0.0,0.0,0.0,0.0,0.0,0.0,0.0,0.0,,,0.0,0.0,,,1.57,56.6,2.0,19.0,378.0,0.0,4.0,639.0,115.0
2022-12-02,11:57-12:00,3.0,2.52,1.0,1.19,107.54,1.0,1.0,0.87,52.38,0.0,1.0,0.46,41.04,0.0,0.0,0.0,0.0,0.0,0.0,0.0,0.0,0.0,0.0,0.0,,,0.0,0.0,,,1.08,65.1,2.0,19.0,389.0,0.0,4.0,651.0,119.0
2022-12-02,12:00-12:03,3.0,4.430000000000001,1.0,2.23,66.92,0.0,1.0,0.66,117.97,0.0,1.0,1.43,86.08,0.0,0.0,0.11,0.0,0.0,0.0,0.0,0.0,0.0,0.0,0.0,,,0.0,0.0,,,0.97,43.6,1.0,19.0,393.0,0.0,4.0,660.0,119.0
2022-12-02,12:03-12:06,2.0,3.1500000000000004,1.0,1.57,94.22,1.0,0.0,0.0,0.0,0.0,1.0,1.58,285.07,0.0,0.0,0.0,0.0,0.0,0.0,0.0,0.0,0.0,0.0,0.0,,,0.0,0.0,,,2.54,91.59,1.0,19.0,402.0,0.0,4.0,667.0,119.0
2022-12-02,12:06-12:09,2.0,3.3200000000000003,1.0,1.59,95.52,0.0,0.0,0.0,0.0,0.0,1.0,1.69,152.03,0.0,0.0,0.04,6.73,0.0,0.0,0.0,0.0,0.0,0.0,0.0,,,0.0,0.0,,,0.39,23.32,0.0,19.0,406.0,0.0,4.0,677.0,119.0
2022-12-02,12:09-12:12,2.0,3.2800000000000002,1.0,1.52,91.47,0.0,0.0,0.0,0.0,0.0,1.0,1.76,105.73,1.0,0.0,0.0,0.0,0.0,0.0,0.0,0.0,0.0,0.0,0.0,,,0.0,0.0,,,2.91,130.97,0.0,19.0,410.0,0.0,4.0,698.0,122.0
2022-12-02,12:12-12:15,2.0,2.5,1.0,1.34,60.33,0.0,0.0,-0.07,0.0,0.0,1.0,1.23,110.53,0.0,0.0,0.0,0.0,0.0,0.0,0.0,0.0,0.0,0.0,0.0,,,0.0,0.0,,,2.21,66.4,2.0,19.0,419.0,0.0,4.0,713.0,124.0
2022-12-02,12:15-12:18,2.0,3.57,1.0,3.23,96.79,1.0,0.0,-0.0,0.0,0.0,1.0,0.34,30.57,0.0,0.0,0.0,0.0,0.0,0.0,0.0,0.0,0.0,0.0,0.0,,,0.0,0.0,,,2.16,64.9,2.0,19.0,424.0,0.0,4.0,721.0,126.0
2022-12-02,12:18-12:21,4.0,6.3100000000000005,1.0,2.98,134.09,2.0,1.0,0.91,54.9,0.0,1.0,1.97,177.49,0.0,0.0,0.0,0.0,0.0,1.0,0.45,81.14,0.0,0.0,0.0,,,0.0,0.0,,,2.31,83.02,2.0,19.0,430.0,0.0,4.0,735.0,128.0
2022-12-02,12:21-12:24,5.0,4.98,1.0,1.97,177.02,1.0,1.0,1.44,86.51,0.0,1.0,0.24,21.33,0.0,1.0,0.54,48.46,0.0,1.0,0.79,142.24,0.0,0.0,0.0,,,0.0,0.0,,,1.07,193.36,0.0,20.0,441.0,0.0,4.0,747.0,129.0
2022-12-02,12:24-12:27,3.0,4.51,1.0,1.92,115.11,1.0,1.0,1.47,88.28,0.0,0.0,0.0,0.0,0.0,1.0,1.12,67.02,0.0,0.0,-0.0,0.0,0.0,0.0,0.0,,,0.0,0.0,,,0.68,61.41,1.0,20.0,447.0,0.0,4.0,760.0,130.0
2022-12-02,12:27-12:30,3.0,2.87,1.0,0.98,175.86,0.0,1.0,0.61,36.39,0.0,0.0,0.08,0.0,0.0,1.0,1.2,108.2,1.0,0.0,-0.0,0.0,0.0,0.0,0.0,,,0.0,0.0,,,3.22,82.72,3.0,20.0,457.0,0.0,4.0,770.0,133.0
2022-12-02,12:30-12:33,2.0,3.09,1.0,2.25,134.82,0.0,0.0,0.0,0.0,0.0,0.0,0.0,0.0,0.0,1.0,0.8,72.24,0.0,0.0,0.04,0.0,0.0,0.0,0.0,,,0.0,0.0,,,1.35,81.3,2.0,20.0,458.0,0.0,4.0,779.0,137.0
2022-12-02,12:33-12:36,4.0,4.15,1.0,1.05,188.7,0.0,1.0,0.04,0.0,0.0,1.0,0.77,137.72,0.0,1.0,2.29,103.02,0.0,0.0,-0.0,0.0,0.0,0.0,0.0,,,0.0,0.0,,,0.72,130.44,1.0,20.0,462.0,0.0,4.0,788.0,138.0
2022-12-02,12:36-12:39,4.0,6.1899999999999995,1.0,1.96,117.34,2.0,1.0,1.52,91.43,0.0,1.0,0.54,48.39,0.0,1.0,2.17,130.37,0.0,0.0,-0.0,0.0,0.0,0.0,0.0,,,0.0,0.0,,,1.5,67.47,2.0,20.0,470.0,0.0,4.0,803.0,141.0
2022-12-02,12:39-12:42,4.0,3.1799999999999997,1.0,0.19,34.08,1.0,1.0,1.16,69.51,1.0,1.0,0.97,86.88,0.0,1.0,0.86,77.44,0.0,0.0,-0.0,0.0,0.0,0.0,0.0,,,0.0,0.0,,,2.03,91.26,1.0,20.0,474.0,0.0,4.0,816.0,143.0
2022-12-02,12:42-12:45,3.0,2.25,0.0,0.0,0.0,0.0,1.0,0.99,177.75,0.0,1.0,0.42,76.4,0.0,1.0,0.84,50.16,0.0,0.0,-0.0,0.0,0.0,0.0,0.0,,,0.0,0.0,,,2.03,61.03,3.0,20.0,481.0,0.0,4.0,832.0,144.0
2022-12-02,12:45-12:48,4.0,2.62,1.0,0.38,68.03,0.0,1.0,0.99,59.41,1.0,1.0,0.99,89.38,0.0,1.0,0.26,23.59,0.0,0.0,-0.0,0.0,0.0,0.0,0.0,,,0.0,0.0,,,1.36,35.07,2.0,20.0,487.0,0.0,4.0,841.0,148.0
2022-12-02,12:48-12:51,3.0,1.8699999999999999,0.0,0.0,0.0,0.0,1.0,1.22,73.34,0.0,1.0,0.42,25.24,0.0,1.0,0.23,41.42,0.0,0.0,-0.0,0.0,0.0,0.0,0.0,,,0.0,0.0,,,1.08,96.78,1.0,20.0,494.0,0.0,4.0,853.0,149.0
2022-12-02,12:51-12:54,3.0,2.69,0.0,0.0,0.0,0.0,1.0,1.21,217.15,0.0,1.0,0.87,78.72,1.0,1.0,0.61,109.86,0.0,0.0,-0.0,0.0,0.0,0.0,0.0,,,0.0,0.0,,,0.27,24.01,0.0,20.0,496.0,0.0,4.0,868.0,151.0
2022-12-02,12:54-12:57,2.0,1.97,0.0,0.0,0.0,0.0,1.0,1.47,132.27,0.0,0.0,0.0,0.0,0.0,1.0,0.5,90.49,0.0,0.0,-0.0,0.0,0.0,0.0,0.0,,,0.0,0.0,,,1.96,88.27,2.0,20.0,498.0,0.0,4.0,877.0,153.0
2022-12-02,12:57-13:00,3.0,4.58,0.0,0.15,0.0,0.0,1.0,0.88,79.23,1.0,1.0,1.53,276.09,0.0,1.0,2.02,121.27,0.0,0.0,-0.0,0.0,0.0,0.0,0.0,,,0.0,0.0,,,0.85,76.85,0.0,20.0,504.0,0.0,4.0,891.0,154.0
2022-12-02,13:00-13:03,3.0,5.5600000000000005,0.0,0.0,0.0,0.0,1.0,0.96,57.85,0.0,1.0,1.62,97.43,0.0,1.0,2.98,178.7,0.0,0.0,-0.0,0.0,0.0,0.0,0.0,,,0.0,0.0,,,1.8,53.93,3.0,20.0,509.0,0.0,4.0,902.0,156.0
2022-12-02,13:03-13:06,4.0,6.18,1.0,0.0,0.0,0.0,1.0,2.15,96.54,1.0,1.0,1.62,96.94,1.0,1.0,2.41,108.33,1.0,0.0,-0.0,0.0,0.0,0.0,0.0,,,0.0,0.0,,,1.97,71.1,3.0,21.0,517.0,0.0,4.0,916.0,160.0
2022-12-02,13:06-13:09,4.0,5.75,1.0,0.0,0.0,0.0,1.0,1.47,52.84,0.0,1.0,2.26,101.53,0.0,1.0,2.02,121.37,0.0,0.0,-0.0,0.0,0.0,0.0,0.0,,,0.0,0.0,,,1.5,54.08,2.0,21.0,522.0,0.0,4.0,931.0,164.0
2022-12-02,13:09-13:12,3.0,7.24,0.0,0.0,0.0,0.0,1.0,2.21,132.46,0.0,1.0,2.19,98.69,0.0,1.0,2.84,170.48,0.0,0.0,-0.0,0.0,0.0,0.0,0.0,,,0.0,0.0,,,2.65,79.55,1.0,21.0,536.0,0.0,4.0,943.0,166.0
2022-12-02,13:12-13:15,4.0,9.34,1.0,2.38,142.92,0.0,1.0,1.81,65.3,0.0,1.0,1.87,84.21,0.0,1.0,3.28,147.56,0.0,0.0,-0.0,0.0,0.0,0.0,0.0,,,0.0,0.0,,,2.33,104.82,1.0,21.0,541.0,0.0,4.0,954.0,167.0
2022-12-02,13:15-13:18,4.0,9.68,1.0,2.71,162.87,0.0,1.0,1.66,99.81,0.0,1.0,2.49,149.28,0.0,1.0,2.82,101.67,0.0,0.0,-0.0,0.0,0.0,0.0,0.0,,,0.0,0.0,,,3.71,55.66,1.0,21.0,549.0,0.0,4.0,966.0,168.0
2022-12-02,13:18-13:21,4.0,8.73,1.0,1.8,324.57,0.0,1.0,2.03,183.11,0.0,1.0,2.16,77.84,0.0,1.0,2.74,123.52,0.0,0.0,-0.0,0.0,0.0,0.0,0.0,,,0.0,0.0,,,5.25,118.05,1.0,21.0,557.0,0.0,4.0,982.0,170.0
2022-12-02,13:21-13:24,4.0,10.1,1.0,3.12,112.29,0.0,1.0,1.41,84.47,0.0,1.0,2.21,99.39,1.0,1.0,3.36,100.81,1.0,0.0,-0.0,0.0,0.0,0.0,0.0,,,0.0,0.0,,,5.2,116.94,3.0,21.0,565.0,0.0,5.0,991.0,176.0
2022-12-02,13:24-13:27,4.0,13.280000000000001,1.0,5.34,192.15,0.0,1.0,2.17,97.54,0.0,1.0,1.98,89.04,0.0,1.0,3.79,170.57,0.0,0.0,-0.0,0.0,0.0,0.0,0.0,,,0.0,0.0,,,4.92,147.71,1.0,21.0,575.0,0.0,5.0,1009.0,176.0
2022-12-02,13:27-13:30,4.0,10.64,1.0,4.2,251.89,2.0,1.0,1.87,67.17,2.0,1.0,2.06,123.75,0.0,1.0,2.47,111.02,1.0,0.0,0.04,0.0,0.0,0.0,0.0,,,0.0,0.0,,,2.3,82.97,3.0,21.0,590.0,0.0,5.0,1029.0,177.0
2022-12-02,13:30-13:33,5.0,8.639999999999999,1.0,1.93,173.56,0.0,1.0,2.07,124.38,0.0,1.0,2.28,102.53,0.0,1.0,1.53,91.69,0.0,1.0,0.83,74.65,0.0,0.0,0.0,,,0.0,0.0,,,0.27,24.32,0.0,21.0,595.0,0.0,6.0,1036.0,182.0
2022-12-02,13:33-13:36,4.0,6.050000000000001,1.0,0.34,30.34,1.0,1.0,1.48,66.57,0.0,1.0,2.04,183.73,0.0,1.0,2.19,98.58,0.0,0.0,0.0,0.0,0.0,0.0,0.0,,,0.0,0.0,,,2.14,77.05,2.0,21.0,602.0,0.0,6.0,1050.0,183.0
2022-12-02,13:36-13:39,4.0,6.98,1.0,0.08,0.0,0.0,1.0,1.96,70.46,0.0,1.0,1.91,114.39,1.0,1.0,3.03,136.17,0.0,0.0,0.0,0.0,0.0,0.0,0.0,,,0.0,0.0,,,2.54,76.25,2.0,21.0,609.0,0.0,6.0,1065.0,186.0
2022-12-02,13:39-13:42,3.0,7.85,0.0,0.04,0.0,0.0,1.0,2.04,73.39,1.0,1.0,2.38,214.48,0.0,1.0,3.39,122.08,0.0,0.0,0.0,0.0,0.0,0.0,0.0,,,0.0,0.0,,,3.67,131.98,1.0,21.0,618.0,0.0,6.0,1079.0,188.0
2022-12-02,13:42-13:45,4.0,7.59,1.0,0.96,86.62,0.0,1.0,2.09,187.71,0.0,1.0,2.12,191.23,0.0,1.0,2.42,108.78,1.0,0.0,0.0,0.0,0.0,0.0,0.0,,,0.0,0.0,,,2.36,60.78,5.0,21.0,626.0,0.0,6.0,1096.0,193.0
2022-12-02,13:45-13:48,4.0,8.81,1.0,1.5,67.49,1.0,1.0,2.29,103.02,1.0,1.0,1.74,78.19,0.0,1.0,3.28,118.12,0.0,0.0,0.0,0.0,0.0,0.0,0.0,,,0.0,0.0,,,1.72,61.82,2.0,21.0,638.0,0.0,6.0,1104.0,196.0
2022-12-02,13:48-13:51,4.0,9.73,1.0,2.41,144.73,0.0,1.0,1.93,86.98,1.0,1.0,2.13,191.74,0.0,1.0,3.26,83.72,1.0,0.0,0.0,0.0,0.0,0.0,0.0,,,0.0,0.0,,,3.0,107.83,1.0,21.0,647.0,0.0,6.0,1115.0,199.0
2022-12-02,13:51-13:54,4.0,8.79,1.0,2.56,153.6,1.0,1.0,1.91,114.52,1.0,1.0,1.66,99.67,0.0,1.0,2.66,159.35,0.0,0.0,0.0,0.0,0.0,0.0,0.0,,,0.0,0.0,,,3.16,94.93,1.0,21.0,656.0,0.0,6.0,1132.0,204.0
2022-12-02,13:54-13:57,4.0,6.180000000000001,1.0,1.26,75.52,0.0,1.0,1.76,105.48,1.0,1.0,1.37,82.44,1.0,1.0,1.79,161.25,0.0,0.0,0.0,0.0,0.0,0.0,0.0,,,0.0,0.0,,,1.0,60.18,1.0,21.0,664.0,0.0,6.0,1143.0,206.0
2022-12-02,13:57-14:00,3.0,5.51,0.0,0.11,19.76,0.0,1.0,1.34,60.15,1.0,1.0,1.25,56.05,0.0,1.0,2.81,101.15,0.0,0.0,0.0,0.0,0.0,0.0,0.0,,,0.0,0.0,,,2.31,69.44,1.0,21.0,676.0,0.0,6.0,1162.0,208.0
2022-12-02,14:00-14:03,4.0,7.57,1.0,1.56,140.69,0.0,1.0,1.89,113.33,0.0,1.0,1.99,178.66,0.0,1.0,2.13,95.69,1.0,0.0,0.0,0.0,0.0,0.0,0.0,,,0.0,0.0,,,2.71,81.38,2.0,21.0,683.0,0.0,6.0,1177.0,209.0
2022-12-02,14:03-14:06,4.0,6.0600000000000005,1.0,1.4,83.71,0.0,1.0,0.97,173.9,0.0,1.0,1.78,106.86,0.0,1.0,1.91,68.87,1.0,0.0,0.0,0.0,0.0,0.0,0.0,,,0.0,0.0,,,2.33,83.77,2.0,21.0,689.0,0.0,6.0,1193.0,212.0
2022-12-02,14:06-14:09,4.0,5.1,1.0,1.32,118.43,0.0,1.0,0.7,62.79,0.0,1.0,1.96,176.54,0.0,1.0,1.12,50.21,0.0,0.0,0.0,0.0,0.0,0.0,0.0,,,0.0,0.0,,,2.73,70.21,3.0,21.0,698.0,0.0,6.0,1209.0,215.0
2022-12-02,14:09-14:12,3.0,3.53,0.0,0.04,6.73,0.0,1.0,1.3,117.4,2.0,1.0,1.42,85.13,0.0,1.0,0.77,46.39,0.0,0.0,0.0,0.0,0.0,0.0,0.0,,,0.0,0.0,,,1.71,76.87,3.0,21.0,705.0,0.0,6.0,1222.0,218.0
2022-12-02,14:12-14:15,3.0,3.59,0.0,-0.0,0.0,0.0,1.0,1.32,119.04,1.0,1.0,1.43,64.57,1.0,1.0,0.84,151.62,0.0,0.0,0.0,0.0,0.0,0.0,0.0,,,0.0,0.0,,,2.47,74.16,4.0,21.0,718.0,0.0,6.0,1234.0,222.0
2022-12-02,14:15-14:18,3.0,6.48,0.0,-0.0,0.0,0.0,1.0,0.89,80.18,0.0,1.0,1.73,155.95,0.0,1.0,3.86,173.88,1.0,0.0,0.0,0.0,0.0,0.0,0.0,,,0.0,0.0,,,0.76,68.1,1.0,21.0,726.0,0.0,7.0,1250.0,225.0
2022-12-02,14:18-14:21,3.0,6.11,0.0,-0.0,0.0,0.0,1.0,1.58,94.99,1.0,1.0,1.82,109.1,0.0,1.0,2.52,151.07,1.0,0.0,0.19,33.54,0.0,0.0,0.0,,,0.0,0.0,,,1.78,80.18,1.0,21.0,737.0,0.0,8.0,1263.0,228.0
2022-12-02,14:21-14:24,3.0,5.77,0.0,-0.0,0.0,0.0,1.0,1.42,127.99,0.0,1.0,1.79,107.35,0.0,1.0,2.56,115.36,1.0,0.0,0.0,0.0,0.0,0.0,0.0,,,0.0,0.0,,,2.22,79.99,1.0,21.0,748.0,0.0,8.0,1274.0,228.0
2022-12-02,14:24-14:27,3.0,5.1,0.0,-0.0,0.0,0.0,1.0,0.89,159.9,0.0,1.0,1.73,104.03,1.0,1.0,2.48,111.65,1.0,0.0,0.0,0.0,0.0,0.0,0.0,,,0.0,0.0,,,3.2,82.19,3.0,22.0,753.0,0.0,8.0,1292.0,229.0
2022-12-02,14:27-14:30,3.0,5.01,0.0,-0.0,0.0,0.0,1.0,0.07,13.4,0.0,1.0,1.73,104.03,0.0,1.0,3.21,192.35,0.0,0.0,0.0,0.0,0.0,0.0,0.0,,,0.0,0.0,,,3.77,169.84,3.0,22.0,766.0,0.0,8.0,1302.0,230.0
2022-12-02,14:30-14:33,3.0,5.2700000000000005,0.0,-0.0,0.0,0.0,0.0,0.0,0.0,0.0,1.0,2.35,105.84,0.0,1.0,2.8,125.91,0.0,1.0,0.12,0.0,0.0,0.0,0.0,,,0.0,0.0,,,3.73,111.86,1.0,22.0,771.0,0.0,8.0,1315.0,233.0
2022-12-02,14:33-14:36,2.0,6.6,0.0,-0.0,0.0,0.0,0.0,-0.04,0.0,0.0,1.0,2.87,128.99,0.0,1.0,3.77,225.9,0.0,0.0,0.0,0.0,0.0,0.0,0.0,,,0.0,0.0,,,2.98,134.28,2.0,22.0,775.0,0.0,8.0,1328.0,235.0
2022-12-02,14:36-14:39,3.0,5.98,0.0,-0.0,0.0,0.0,0.0,-0.04,0.0,0.0,1.0,2.69,96.84,0.0,1.0,2.34,105.46,1.0,1.0,0.99,89.34,0.0,0.0,0.0,,,0.0,0.0,,,3.35,120.46,0.0,22.0,783.0,0.0,8.0,1345.0,235.0
2022-12-02,14:39-14:42,3.0,8.19,0.0,-0.0,0.0,0.0,0.0,-0.04,0.0,0.0,1.0,2.64,118.87,0.0,1.0,2.94,176.55,0.0,1.0,2.65,79.49,0.0,0.0,0.0,,,0.0,0.0,,,2.52,90.72,1.0,22.0,791.0,0.0,8.0,1356.0,237.0
2022-12-02,14:42-14:45,4.0,9.34,0.0,-0.0,0.0,0.0,1.0,1.0,59.8,0.0,1.0,2.89,173.5,1.0,1.0,3.28,147.52,1.0,1.0,2.17,97.84,1.0,0.0,0.0,,,0.0,0.0,,,2.3,103.57,2.0,22.0,799.0,0.0,8.0,1383.0,240.0
2022-12-02,14:45-14:48,5.0,12.549999999999999,1.0,2.43,146.07,0.0,1.0,2.23,80.22,0.0,1.0,2.36,106.26,0.0,1.0,3.42,123.0,1.0,1.0,2.11,126.36,0.0,0.0,0.0,,,0.0,0.0,,,2.98,134.18,0.0,22.0,806.0,0.0,8.0,1403.0,243.0
2022-12-02,14:48-14:51,5.0,11.03,1.0,1.43,64.36,2.0,1.0,2.02,120.99,0.0,1.0,2.21,132.37,1.0,1.0,3.59,161.58,0.0,1.0,1.78,106.84,0.0,0.0,0.0,,,0.0,0.0,,,2.8,251.92,0.0,22.0,826.0,0.0,8.0,1411.0,243.0
2022-12-02,14:51-14:54,5.0,11.5,1.0,1.15,103.49,0.0,1.0,2.02,121.13,1.0,1.0,2.34,140.64,1.0,1.0,3.97,238.1,1.0,1.0,2.02,90.9,0.0,0.0,0.0,,,0.0,0.0,,,1.05,94.93,1.0,22.0,833.0,0.0,8.0,1430.0,243.0
2022-12-02,14:54-14:57,5.0,9.379999999999999,1.0,2.38,142.89,0.0,1.0,1.98,178.44,0.0,1.0,1.12,67.0,0.0,1.0,1.94,116.55,1.0,1.0,1.96,88.06,1.0,0.0,0.0,,,0.0,0.0,,,2.04,91.98,1.0,22.0,841.0,0.0,8.0,1448.0,244.0
2022-12-02,14:57-15:00,5.0,7.08,1.0,2.0,90.19,1.0,1.0,0.95,85.7,0.0,1.0,2.53,152.07,1.0,1.0,1.12,100.61,0.0,1.0,0.48,43.0,0.0,0.0,0.0,,,0.0,0.0,,,1.97,118.01,1.0,22.0,850.0,0.0,8.0,1461.0,249.0
2022-12-02,15:00-15:03,3.0,7.140000000000001,1.0,2.26,101.48,1.0,0.0,0.08,0.0,0.0,1.0,2.37,85.38,1.0,1.0,2.43,109.28,0.0,0.0,0.0,0.0,0.0,0.0,0.0,,,0.0,0.0,,,2.75,82.43,3.0,22.0,859.0,0.0,8.0,1473.0,256.0
2022-12-02,15:03-15:06,3.0,8.12,1.0,3.3,99.09,0.0,0.0,-0.04,0.0,0.0,1.0,2.06,123.43,0.0,1.0,2.69,96.81,0.0,0.0,0.11,20.13,0.0,0.0,0.0,,,0.0,0.0,,,3.49,125.62,1.0,22.0,873.0,0.0,8.0,1490.0,259.0
2022-12-02,15:06-15:09,4.0,10.44,1.0,4.27,153.62,1.0,1.0,0.4,71.78,0.0,1.0,3.03,60.52,1.0,1.0,2.74,164.2,0.0,0.0,0.0,0.0,0.0,0.0,0.0,,,0.0,0.0,,,3.12,112.27,2.0,22.0,878.0,0.0,9.0,1503.0,259.0
2022-12-02,15:09-15:12,4.0,8.73,1.0,3.26,146.9,0.0,1.0,1.84,82.62,0.0,1.0,2.15,96.58,0.0,1.0,1.48,88.93,1.0,0.0,0.0,0.0,0.0,0.0,0.0,,,0.0,0.0,,,1.1,65.94,1.0,22.0,891.0,0.0,9.0,1519.0,260.0
2022-12-02,15:12-15:15,5.0,6.94,1.0,0.9,53.76,2.0,1.0,1.61,144.59,1.0,1.0,1.79,107.44,1.0,1.0,2.26,101.72,0.0,1.0,0.38,68.96,0.0,0.0,0.0,,,0.0,0.0,,,1.78,320.34,0.0,22.0,907.0,0.0,9.0,1538.0,260.0
2022-12-02,15:15-15:18,4.0,5.93,1.0,1.49,133.77,0.0,1.0,1.03,184.54,0.0,1.0,1.83,164.36,1.0,1.0,1.58,70.96,1.0,0.0,0.0,0.0,0.0,0.0,0.0,,,0.0,0.0,,,3.08,110.83,2.0,22.0,916.0,0.0,9.0,1552.0,262.0
2022-12-02,15:18-15:21,3.0,4.29,1.0,1.28,57.4,0.0,0.0,0.0,0.61,0.0,1.0,1.28,76.87,0.0,1.0,1.62,96.91,0.0,0.0,0.11,0.0,0.0,0.0,0.0,,,0.0,0.0,,,3.21,115.5,4.0,22.0,923.0,0.0,9.0,1573.0,264.0
2022-12-02,15:21-15:24,3.0,8.52,1.0,3.87,116.25,0.0,0.0,0.0,0.0,0.0,1.0,2.32,208.52,0.0,1.0,2.33,209.9,1.0,0.0,0.0,0.0,0.0,0.0,0.0,,,0.0,0.0,,,2.1,94.44,1.0,22.0,930.0,0.0,9.0,1586.0,267.0
2022-12-02,15:24-15:27,3.0,8.939999999999998,1.0,3.17,114.08,0.0,0.0,0.0,0.0,0.0,1.0,2.78,62.55,2.0,1.0,2.95,177.12,0.0,0.0,0.04,7.57,0.0,0.0,0.0,,,0.0,0.0,,,3.73,96.03,2.0,22.0,937.0,0.0,9.0,1595.0,267.0
2022-12-02,15:27-15:30,4.0,11.65,1.0,3.3,118.84,1.0,0.0,-0.04,0.0,0.0,1.0,3.74,112.23,0.0,1.0,2.97,107.01,0.0,1.0,1.68,150.82,0.0,0.0,0.0,,,0.0,0.0,,,3.54,127.51,2.0,22.0,955.0,0.0,9.0,1610.0,271.0
2022-12-02,15:30-15:33,5.0,11.25,1.0,2.83,127.45,0.0,1.0,0.99,89.18,0.0,1.0,3.42,76.85,1.0,1.0,2.11,126.39,0.0,1.0,1.9,113.76,0.0,0.0,0.0,,,0.0,0.0,,,3.18,95.54,2.0,22.0,964.0,0.0,9.0,1631.0,271.0
2022-12-02,15:33-15:36,5.0,9.7,1.0,2.12,76.38,1.0,1.0,1.73,103.78,1.0,1.0,2.43,109.27,1.0,1.0,1.47,88.06,1.0,1.0,1.95,175.57,0.0,0.0,0.0,,,0.0,0.0,,,2.96,106.73,1.0,22.0,977.0,0.0,9.0,1646.0,272.0
2022-12-02,15:36-15:39,5.0,7.329999999999999,1.0,2.09,93.91,0.0,1.0,0.79,71.43,1.0,1.0,2.31,103.85,2.0,1.0,1.6,143.58,0.0,1.0,0.54,97.6,0.0,0.0,0.0,,,0.0,0.0,,,3.07,92.0,1.0,22.0,992.0,0.0,11.0,1662.0,274.0
2022-12-02,15:39-15:42,3.0,4.43,1.0,1.1,99.19,0.0,0.0,0.0,0.0,0.0,1.0,1.65,98.72,1.0,1.0,1.68,100.65,1.0,0.0,0.0,0.0,0.0,0.0,0.0,,,0.0,0.0,,,2.82,126.97,1.0,22.0,994.0,0.0,11.0,1677.0,279.0
2022-12-02,15:42-15:45,3.0,5.84,1.0,2.9,174.19,0.0,0.0,-0.08,0.0,0.0,1.0,1.96,117.68,0.0,1.0,1.06,47.53,0.0,0.0,0.0,0.0,0.0,0.0,0.0,,,0.0,0.0,,,2.86,171.53,0.0,22.0,1009.0,0.0,11.0,1692.0,280.0
2022-12-02,15:45-15:48,3.0,9.829999999999998,1.0,2.88,173.03,0.0,0.0,0.0,0.0,0.0,1.0,2.07,93.01,1.0,1.0,4.88,219.79,0.0,0.0,0.0,0.0,0.0,0.0,0.0,,,0.0,0.0,,,2.39,107.65,1.0,23.0,1018.0,0.0,11.0,1706.0,281.0
2022-12-02,15:48-15:51,3.0,8.85,1.0,3.59,129.08,0.0,0.0,-0.04,0.0,0.0,1.0,2.38,107.03,1.0,1.0,2.92,174.96,1.0,0.0,0.0,0.0,0.0,0.0,0.0,,,0.0,0.0,,,3.59,92.37,1.0,23.0,1032.0,0.0,12.0,1720.0,283.0
2022-12-02,15:51-15:54,3.0,10.01,1.0,4.96,178.49,1.0,0.0,0.0,0.0,0.0,1.0,2.64,118.79,0.0,1.0,2.41,108.46,1.0,0.0,0.0,0.0,0.0,0.0,0.0,,,0.0,0.0,,,4.67,105.05,2.0,23.0,1047.0,0.0,13.0,1740.0,284.0
2022-12-02,15:54-15:57,3.0,9.72,1.0,4.94,148.33,0.0,0.0,0.0,0.0,0.0,1.0,2.56,92.16,1.0,1.0,2.22,133.08,1.0,0.0,0.0,0.0,0.0,0.0,0.0,,,0.0,0.0,,,3.83,76.52,1.0,23.0,1063.0,0.0,13.0,1756.0,287.0
2022-12-02,15:57-16:00,3.0,9.06,1.0,4.23,253.74,1.0,0.0,-0.04,0.0,0.0,1.0,2.83,101.81,0.0,1.0,2.04,122.46,0.0,0.0,0.0,0.0,0.0,0.0,0.0,,,0.0,0.0,,,3.24,64.82,2.0,23.0,1074.0,0.0,13.0,1785.0,288.0
2022-12-02,16:00-16:03,3.0,9.11,1.0,3.18,190.99,0.0,0.0,0.0,0.0,0.0,1.0,2.91,104.78,0.0,1.0,3.02,181.25,0.0,0.0,0.0,0.0,0.0,0.0,0.0,,,0.0,0.0,,,3.62,81.38,2.0,23.0,1084.0,0.0,13.0,1795.0,293.0
2022-12-02,16:03-16:06,4.0,10.819999999999999,1.0,3.27,196.05,1.0,0.0,0.23,13.84,0.0,1.0,3.36,120.94,0.0,1.0,2.93,131.69,1.0,1.0,1.03,61.65,0.0,0.0,0.0,,,0.0,0.0,,,3.16,94.75,2.0,25.0,1097.0,0.0,13.0,1805.0,299.0
2022-12-02,16:06-16:09,5.0,10.26,1.0,1.54,138.94,0.0,1.0,1.71,76.76,0.0,1.0,2.39,215.24,1.0,1.0,2.09,125.67,0.0,1.0,2.53,227.9,1.0,0.0,0.0,,,0.0,0.0,,,1.54,92.46,1.0,25.0,1100.0,0.0,13.0,1810.0,301.0
2022-12-02,16:09-16:12,5.0,8.52,1.0,1.8,107.98,0.0,1.0,1.61,145.23,0.0,1.0,1.55,139.74,1.0,1.0,1.72,103.17,0.0,1.0,1.84,66.1,0.0,0.0,0.0,,,0.0,0.0,,,1.8,161.64,1.0,26.0,1115.0,0.0,13.0,1827.0,303.0
2022-12-02,16:12-16:15,5.0,9.5,1.0,1.84,165.28,0.0,1.0,1.87,67.26,0.0,1.0,2.13,95.79,0.0,1.0,1.29,77.52,1.0,1.0,2.37,141.98,0.0,0.0,0.0,,,0.0,0.0,,,1.21,72.65,0.0,29.0,1129.0,0.0,13.0,1851.0,305.0
2022-12-02,16:15-16:18,5.0,8.95,1.0,1.46,87.37,0.0,1.0,1.86,83.52,0.0,1.0,2.5,112.63,0.0,1.0,0.88,79.5,0.0,1.0,2.25,134.78,0.0,0.0,0.0,,,0.0,0.0,,,2.79,167.65,0.0,30.0,1142.0,0.0,13.0,1867.0,310.0
2022-12-02,16:18-16:21,4.0,11.53,1.0,3.83,114.83,0.0,1.0,2.2,198.33,0.0,1.0,3.08,110.96,1.0,0.0,-0.0,0.0,0.0,1.0,2.42,109.11,0.0,0.0,0.0,,,0.0,0.0,,,2.59,116.55,1.0,30.0,1148.0,0.0,13.0,1889.0,313.0
2022-12-02,16:21-16:24,4.0,10.56,1.0,2.22,79.84,2.0,1.0,2.09,94.22,1.0,1.0,3.1,185.88,0.0,0.0,0.13,0.0,0.0,1.0,3.02,136.0,0.0,0.0,0.0,,,0.0,0.0,,,3.16,94.66,2.0,30.0,1169.0,0.0,13.0,1906.0,316.0
2022-12-02,16:24-16:27,4.0,10.29,1.0,3.61,108.36,1.0,1.0,2.01,180.61,0.0,1.0,2.57,66.09,1.0,0.0,0.68,61.12,0.0,1.0,1.42,64.1,0.0,0.0,0.0,,,0.0,0.0,,,3.41,153.65,1.0,30.0,1182.0,0.0,13.0,1925.0,320.0
2022-12-02,16:27-16:30,5.0,10.919999999999998,1.0,3.34,200.13,1.0,1.0,0.97,87.62,0.0,1.0,2.05,123.22,0.0,1.0,2.02,181.99,1.0,1.0,2.54,152.46,0.0,0.0,0.0,,,0.0,0.0,,,2.43,218.78,0.0,30.0,1202.0,0.0,13.0,1944.0,323.0
2022-12-02,16:30-16:33,4.0,7.77,1.0,2.32,138.93,2.0,1.0,1.13,203.13,0.0,1.0,2.21,132.72,2.0,0.0,0.0,0.0,0.0,1.0,2.11,189.81,1.0,0.0,0.0,,,0.0,0.0,,,2.82,253.73,0.0,30.0,1217.0,0.0,13.0,1955.0,325.0
2022-12-02,16:33-16:36,4.0,7.27,1.0,1.94,87.13,0.0,1.0,1.52,273.65,0.0,1.0,2.8,125.89,1.0,0.0,0.0,0.0,0.0,1.0,1.01,182.1,0.0,0.0,0.0,,,0.0,0.0,,,1.62,97.37,0.0,30.0,1231.0,0.0,13.0,1963.0,325.0
2022-12-02,16:36-16:39,4.0,5.55,1.0,1.79,161.11,0.0,1.0,0.36,32.08,1.0,1.0,2.31,104.02,1.0,0.0,0.0,0.0,0.0,1.0,1.09,97.72,0.0,0.0,0.0,,,0.0,0.0,,,3.14,94.28,2.0,30.0,1244.0,0.0,13.0,1978.0,326.0
2022-12-02,16:39-16:42,4.0,6.59,1.0,2.32,139.09,0.0,0.0,0.0,0.0,0.0,1.0,2.43,87.64,0.0,1.0,0.86,51.3,0.0,1.0,0.98,177.29,0.0,0.0,0.0,,,0.0,0.0,,,2.73,163.72,0.0,31.0,1257.0,0.0,13.0,1999.0,330.0
2022-12-02,16:42-16:45,3.0,7.180000000000001,1.0,2.85,171.14,0.0,0.0,0.04,7.15,0.0,1.0,2.35,84.51,0.0,1.0,1.86,111.85,0.0,0.0,0.08,13.83,1.0,0.0,0.0,,,0.0,0.0,,,1.91,171.65,0.0,31.0,1265.0,0.0,13.0,2011.0,331.0
2022-12-02,16:45-16:48,3.0,4.38,1.0,1.8,81.17,1.0,0.0,0.0,0.0,0.0,1.0,2.07,124.13,1.0,1.0,0.51,45.84,1.0,0.0,0.0,0.0,0.0,0.0,0.0,,,0.0,0.0,,,1.96,88.18,2.0,31.0,1281.0,0.0,14.0,2024.0,335.0
2022-12-02,16:48-16:51,2.0,4.4399999999999995,1.0,2.18,98.21,1.0,0.0,0.0,0.0,0.0,1.0,2.26,101.9,0.0,0.0,0.0,0.0,0.0,0.0,0.0,0.0,0.0,0.0,0.0,,,0.0,0.0,,,2.7,161.76,1.0,31.0,1286.0,0.0,14.0,2037.0,336.0
2022-12-02,16:51-16:54,3.0,6.110000000000001,1.0,2.97,107.0,1.0,0.0,-0.04,0.0,0.0,1.0,2.62,117.87,0.0,1.0,0.56,50.28,0.0,0.0,0.0,0.0,0.0,0.0,0.0,,,0.0,0.0,,,3.74,112.11,2.0,32.0,1293.0,0.0,14.0,2062.0,341.0
2022-12-02,16:54-16:57,3.0,7.52,1.0,1.97,118.2,1.0,0.0,0.16,0.0,0.0,1.0,2.82,168.95,1.0,1.0,2.57,154.5,0.0,0.0,0.0,0.0,0.0,0.0,0.0,,,0.0,0.0,,,2.65,158.93,0.0,32.0,1298.0,0.0,14.0,2084.0,342.0
2022-12-02,16:57-17:00,2.0,4.27,1.0,2.18,78.32,1.0,0.0,-0.0,0.0,0.0,1.0,2.01,180.85,0.0,0.0,0.08,7.06,1.0,0.0,0.0,0.0,0.0,0.0,0.0,,,0.0,0.0,,,2.78,125.11,1.0,34.0,1318.0,0.0,14.0,2102.0,345.0
2022-12-02,17:00-17:03,2.0,4.859999999999999,1.0,2.48,74.44,0.0,0.0,-0.0,0.0,0.0,1.0,2.38,106.9,1.0,0.0,0.0,0.0,0.0,0.0,0.0,0.0,0.0,0.0,0.0,,,0.0,0.0,,,3.14,70.65,2.0,35.0,1330.0,0.0,14.0,2118.0,349.0
2022-12-02,17:03-17:06,2.0,5.34,1.0,3.04,136.64,0.0,0.0,-0.0,0.0,0.0,1.0,2.3,103.36,0.0,0.0,0.0,0.0,0.0,0.0,0.0,0.0,0.0,0.0,0.0,,,0.0,0.0,,,3.94,70.99,6.0,35.0,1349.0,0.0,14.0,2133.0,353.0
2022-12-02,17:06-17:09,2.0,4.32,1.0,1.88,67.65,1.0,0.0,-0.0,0.0,0.0,1.0,2.44,73.14,1.0,0.0,0.0,0.0,0.0,0.0,0.0,0.0,0.0,0.0,0.0,,,0.0,0.0,,,3.49,62.84,4.0,35.0,1363.0,0.0,14.0,2147.0,355.0
2022-12-02,17:09-17:12,3.0,5.09,1.0,1.86,55.89,1.0,0.0,-0.0,0.0,0.0,1.0,1.99,89.39,1.0,1.0,1.24,74.63,0.0,0.0,0.0,0.0,0.0,0.0,0.0,,,0.0,0.0,,,3.62,72.34,3.0,35.0,1377.0,0.0,14.0,2161.0,356.0
2022-12-02,17:12-17:15,3.0,5.79,1.0,1.94,116.4,0.0,0.0,-0.0,0.0,0.0,1.0,1.18,53.32,2.0,1.0,2.67,240.05,0.0,0.0,0.0,0.0,0.0,0.0,0.0,,,0.0,0.0,,,3.58,91.97,6.0,35.0,1396.0,0.0,14.0,2176.0,356.0
2022-12-02,17:15-17:18,3.0,5.069999999999999,1.0,1.72,103.04,0.0,0.0,-0.04,0.0,0.0,1.0,1.32,118.84,0.0,1.0,2.03,182.78,0.0,0.0,0.04,6.83,0.0,0.0,0.0,,,0.0,0.0,,,1.52,91.32,0.0,35.0,1409.0,0.0,14.0,2196.0,356.0
2022-12-02,17:18-17:21,3.0,3.8800000000000003,1.0,1.59,95.12,0.0,0.0,0.0,0.0,0.0,1.0,1.65,59.34,0.0,1.0,0.64,57.57,1.0,0.0,0.0,0.0,0.0,0.0,0.0,,,0.0,0.0,,,3.37,86.6,3.0,35.0,1427.0,0.0,14.0,2219.0,357.0
2022-12-02,17:21-17:24,2.0,4.3,1.0,2.3,103.48,1.0,0.0,0.0,0.0,0.0,1.0,2.0,89.83,2.0,0.0,0.0,0.0,0.0,0.0,0.0,0.0,0.0,0.0,0.0,,,0.0,0.0,,,5.08,114.24,3.0,35.0,1438.0,0.0,14.0,2234.0,361.0
2022-12-02,17:24-17:27,3.0,5.859999999999999,1.0,1.78,160.64,0.0,0.0,-0.08,0.0,0.0,1.0,2.76,124.27,1.0,1.0,1.4,83.81,0.0,0.0,0.0,0.0,0.0,0.0,0.0,,,0.0,0.0,,,4.15,106.79,1.0,35.0,1450.0,0.0,14.0,2247.0,361.0
2022-12-02,17:27-17:30,3.0,7.04,1.0,1.51,271.56,0.0,0.0,0.0,0.0,0.0,1.0,2.57,115.65,0.0,1.0,2.96,88.71,0.0,0.0,0.0,0.0,0.0,0.0,0.0,,,0.0,0.0,,,3.3,59.43,5.0,35.0,1466.0,0.0,14.0,2256.0,361.0
2022-12-02,17:30-17:33,3.0,7.92,1.0,2.97,178.22,1.0,0.0,-0.08,0.0,0.0,1.0,2.26,101.64,0.0,1.0,2.77,124.61,0.0,0.0,0.0,0.0,0.0,0.0,0.0,,,0.0,0.0,,,2.84,73.15,2.0,35.0,1478.0,0.0,14.0,2269.0,361.0
2022-12-02,17:33-17:36,3.0,4.76,1.0,2.32,104.49,1.0,0.0,-0.04,0.0,0.0,1.0,1.61,144.85,1.0,1.0,0.79,70.65,0.0,0.0,0.08,14.44,0.0,0.0,0.0,,,0.0,0.0,,,1.84,82.97,2.0,35.0,1492.0,0.0,14.0,2294.0,363.0
2022-12-02,17:36-17:39,2.0,4.470000000000001,1.0,2.25,101.11,1.0,0.0,0.0,0.0,0.0,1.0,2.22,133.39,0.0,0.0,-0.0,0.0,0.0,0.0,0.0,0.0,0.0,0.0,0.0,,,0.0,0.0,,,3.63,108.76,2.0,35.0,1502.0,0.0,14.0,2304.0,364.0
2022-12-02,17:39-17:42,3.0,4.99,1.0,2.24,201.21,1.0,0.0,-0.08,0.0,0.0,1.0,1.5,89.98,0.0,1.0,1.33,119.97,0.0,0.0,0.0,0.0,0.0,0.0,0.0,,,0.0,0.0,,,2.06,74.25,2.0,35.0,1509.0,0.0,14.0,2317.0,365.0
2022-12-02,17:42-17:45,3.0,5.46,1.0,1.58,285.16,0.0,0.0,-0.04,0.0,0.0,1.0,2.08,124.51,0.0,1.0,1.84,82.74,1.0,0.0,0.0,0.0,0.0,0.0,0.0,,,0.0,0.0,,,3.22,96.6,1.0,35.0,1521.0,0.0,14.0,2327.0,365.0
2022-12-02,17:45-17:48,3.0,7.1,1.0,2.07,124.39,1.0,0.0,0.0,0.0,0.0,1.0,2.45,146.73,1.0,1.0,2.58,115.9,1.0,0.0,0.0,0.0,0.0,0.0,0.0,,,0.0,0.0,,,3.69,132.92,2.0,35.0,1534.0,0.0,14.0,2341.0,367.0
2022-12-02,17:48-17:51,3.0,7.49,1.0,3.11,140.09,1.0,0.0,0.0,0.0,0.0,1.0,2.19,197.09,1.0,1.0,2.19,131.28,1.0,0.0,0.0,0.0,0.0,0.0,0.0,,,0.0,0.0,,,4.33,129.98,3.0,35.0,1542.0,0.0,14.0,2353.0,371.0
2022-12-02,17:51-17:54,4.0,4.75,1.0,2.54,76.16,2.0,0.0,0.12,21.33,0.0,1.0,1.71,76.94,0.0,1.0,0.38,68.34,1.0,1.0,0.0,0.0,0.0,0.0,0.0,,,0.0,0.0,,,3.17,142.56,2.0,35.0,1554.0,0.0,15.0,2363.0,372.0
2022-12-02,17:54-17:57,3.0,7.9799999999999995,1.0,3.62,162.71,0.0,0.0,0.04,0.0,0.0,1.0,2.03,121.86,0.0,1.0,2.1,94.56,0.0,0.0,0.19,34.2,0.0,0.0,0.0,,,0.0,0.0,,,3.24,116.59,2.0,36.0,1566.0,0.0,15.0,2375.0,372.0
2022-12-02,17:57-18:00,3.0,5.71,1.0,2.54,152.37,0.0,0.0,0.0,0.0,0.0,1.0,1.05,94.66,1.0,1.0,2.12,95.3,1.0,0.0,-0.0,0.0,0.0,0.0,0.0,,,0.0,0.0,,,3.92,117.66,1.0,38.0,1576.0,0.0,15.0,2384.0,375.0
2022-12-02,18:00-18:03,3.0,5.6,1.0,1.98,178.07,0.0,0.0,0.0,0.0,0.0,1.0,1.68,100.6,0.0,1.0,1.94,116.55,1.0,0.0,-0.0,0.0,0.0,0.0,0.0,,,0.0,0.0,,,3.17,142.64,2.0,38.0,1582.0,0.0,15.0,2397.0,377.0
2022-12-02,18:03-18:06,3.0,4.29,1.0,2.31,83.3,2.0,0.0,0.0,0.0,0.0,1.0,1.63,97.62,0.0,1.0,0.35,31.84,0.0,0.0,-0.0,0.0,0.0,0.0,0.0,,,0.0,0.0,,,4.71,105.9,2.0,38.0,1592.0,0.0,15.0,2407.0,381.0
2022-12-02,18:06-18:09,2.0,5.680000000000001,1.0,3.19,71.84,0.0,0.0,-0.04,0.0,0.0,1.0,2.49,89.73,1.0,0.0,0.04,6.9,0.0,0.0,-0.0,0.0,0.0,0.0,0.0,,,0.0,0.0,,,4.97,149.21,1.0,39.0,1603.0,0.0,15.0,2419.0,384.0
2022-12-02,18:09-18:12,2.0,4.67,1.0,2.62,117.82,0.0,0.0,0.0,0.0,0.0,1.0,2.05,92.39,0.0,0.0,0.0,0.0,0.0,0.0,-0.0,0.0,0.0,0.0,0.0,,,0.0,0.0,,,4.96,99.11,3.0,39.0,1613.0,0.0,15.0,2426.0,384.0
2022-12-02,18:12-18:15,2.0,5.140000000000001,1.0,3.54,159.46,0.0,0.0,0.0,0.0,0.0,1.0,1.6,288.49,0.0,0.0,0.0,0.0,0.0,0.0,-0.0,0.0,0.0,0.0,0.0,,,0.0,0.0,,,3.34,100.17,3.0,39.0,1624.0,0.0,15.0,2439.0,388.0
2022-12-02,18:15-18:18,3.0,4.84,1.0,2.45,110.44,1.0,1.0,1.42,128.12,0.0,1.0,0.97,175.11,0.0,0.0,0.0,0.0,0.0,0.0,-0.0,0.0,0.0,0.0,0.0,,,0.0,0.0,,,4.23,95.28,0.0,40.0,1630.0,0.0,15.0,2459.0,388.0
2022-12-02,18:18-18:21,2.0,4.91,1.0,2.93,175.6,0.0,1.0,1.69,75.83,0.0,0.0,0.29,51.35,1.0,0.0,0.0,0.0,0.0,0.0,-0.0,0.0,0.0,0.0,0.0,,,0.0,0.0,,,5.75,172.62,2.0,40.0,1636.0,0.0,15.0,2480.0,390.0
2022-12-02,18:21-18:24,2.0,5.3999999999999995,1.0,3.29,98.85,1.0,1.0,2.07,74.51,2.0,0.0,0.04,0.0,0.0,0.0,0.0,0.0,0.0,0.0,-0.0,0.0,0.0,0.0,0.0,,,0.0,0.0,,,3.86,115.74,3.0,40.0,1648.0,0.0,16.0,2486.0,391.0
2022-12-02,18:24-18:27,2.0,5.3,1.0,3.46,207.67,1.0,1.0,1.84,66.2,0.0,0.0,0.0,0.0,0.0,0.0,0.0,0.0,0.0,0.0,-0.0,0.0,0.0,0.0,0.0,,,0.0,0.0,,,3.32,85.35,1.0,40.0,1661.0,0.0,16.0,2499.0,392.0
2022-12-02,18:27-18:30,2.0,3.05,1.0,1.05,63.03,1.0,1.0,2.0,59.92,2.0,0.0,0.0,0.0,0.0,0.0,0.0,0.0,0.0,0.0,-0.0,0.0,0.0,0.0,0.0,,,0.0,0.0,,,3.05,109.74,1.0,40.0,1672.0,0.0,16.0,2505.0,393.0
2022-12-02,18:30-18:33,2.0,3.2,1.0,1.23,73.83,1.0,1.0,1.97,118.27,0.0,0.0,0.0,0.0,0.0,0.0,0.0,0.0,0.0,0.0,-0.0,0.0,0.0,0.0,0.0,,,0.0,0.0,,,2.26,135.39,0.0,40.0,1682.0,0.0,16.0,2509.0,395.0
2022-12-02,18:33-18:36,2.0,2.39,1.0,1.33,119.44,0.0,1.0,1.06,190.01,0.0,0.0,0.0,0.0,0.0,0.0,0.0,0.0,0.0,0.0,-0.0,0.0,0.0,0.0,0.0,,,0.0,0.0,,,2.37,106.74,1.0,40.0,1685.0,0.0,16.0,2517.0,395.0
2022-12-02,18:36-18:39,2.0,2.3200000000000003,1.0,1.12,100.79,1.0,1.0,1.2,54.05,1.0,0.0,0.0,0.0,0.0,0.0,0.0,0.0,0.0,0.0,-0.0,0.0,0.0,0.0,0.0,,,0.0,0.0,,,3.52,126.78,2.0,40.0,1692.0,0.0,16.0,2525.0,395.0
2022-12-02,18:39-18:42,2.0,3.96,1.0,1.8,108.1,1.0,1.0,2.16,97.41,0.0,0.0,0.0,0.0,0.0,0.0,0.0,0.0,0.0,0.0,-0.0,0.0,0.0,0.0,0.0,,,0.0,0.0,,,2.32,46.43,1.0,40.0,1703.0,0.0,16.0,2529.0,396.0
2022-12-02,18:42-18:45,2.0,4.17,1.0,2.2,132.0,0.0,1.0,1.97,88.87,1.0,0.0,0.0,0.0,0.0,0.0,0.0,0.0,0.0,0.0,-0.0,0.0,0.0,0.0,0.0,,,0.0,0.0,,,3.9,140.39,1.0,40.0,1712.0,0.0,16.0,2533.0,396.0
2022-12-02,18:45-18:48,2.0,1.8099999999999998,1.0,1.38,82.87,0.0,1.0,0.43,77.78,1.0,0.0,0.0,0.0,0.0,0.0,0.0,0.0,0.0,0.0,-0.0,0.0,0.0,0.0,0.0,,,0.0,0.0,,,2.19,78.96,1.0,40.0,1721.0,0.0,16.0,2546.0,397.0
2022-12-02,18:48-18:51,1.0,3.53,1.0,3.57,160.85,1.0,0.0,-0.04,0.0,0.0,0.0,0.0,0.0,0.0,0.0,0.0,0.0,0.0,0.0,-0.0,0.0,0.0,0.0,0.0,,,0.0,0.0,,,2.91,87.19,2.0,40.0,1725.0,0.0,16.0,2554.0,397.0
2022-12-02,18:51-18:54,1.0,1.96,1.0,1.96,176.01,1.0,0.0,0.0,0.0,0.0,0.0,0.0,0.0,0.0,0.0,0.0,0.0,0.0,0.0,-0.0,0.0,0.0,0.0,0.0,,,0.0,0.0,,,2.14,96.34,2.0,40.0,1733.0,0.0,16.0,2560.0,397.0
2022-12-02,18:54-18:57,1.0,1.42,1.0,1.3,58.63,1.0,0.0,0.12,20.83,0.0,0.0,0.0,0.0,0.0,0.0,0.0,0.0,0.0,0.0,-0.0,0.0,0.0,0.0,0.0,,,0.0,0.0,,,1.5,90.13,1.0,40.0,1740.0,0.0,16.0,2572.0,397.0
2022-12-02,18:57-19:00,1.0,1.05,1.0,1.05,47.41,1.0,0.0,-0.0,0.0,0.0,0.0,0.0,0.0,0.0,0.0,0.0,0.0,0.0,0.0,-0.0,0.0,0.0,0.0,0.0,,,0.0,0.0,,,2.56,92.07,2.0,40.0,1753.0,0.0,16.0,2577.0,399.0
2022-12-02,19:00-19:03,1.0,0.76,1.0,0.76,45.39,1.0,0.0,-0.0,0.0,0.0,0.0,0.0,0.0,0.0,0.0,0.0,0.0,0.0,0.0,-0.0,0.0,0.0,0.0,0.0,,,0.0,0.0,,,2.15,77.56,2.0,40.0,1762.0,0.0,16.0,2588.0,403.0
2022-12-02,19:03-19:06,1.0,2.19,1.0,2.19,65.63,2.0,0.0,-0.0,0.0,0.0,0.0,0.0,0.0,0.0,0.0,0.0,0.0,0.0,0.0,-0.0,0.0,0.0,0.0,0.0,,,0.0,0.0,,,2.34,70.34,0.0,40.0,1769.0,0.0,16.0,2596.0,403.0
2022-12-02,19:06-19:09,1.0,2.21,1.0,1.98,89.02,0.0,0.0,0.23,41.45,0.0,0.0,0.0,0.0,0.0,0.0,0.0,0.0,0.0,0.0,-0.0,0.0,0.0,0.0,0.0,,,0.0,0.0,,,3.93,78.69,2.0,40.0,1779.0,0.0,16.0,2598.0,404.0
2022-12-02,19:09-19:12,1.0,1.7,1.0,1.7,102.01,2.0,0.0,-0.0,0.0,0.0,0.0,0.0,0.0,0.0,0.0,0.0,0.0,0.0,0.0,-0.0,0.0,0.0,0.0,0.0,,,0.0,0.0,,,4.08,104.99,1.0,40.0,1783.0,0.0,16.0,2606.0,404.0
2022-12-02,19:12-19:15,1.0,0.67,1.0,0.67,60.65,0.0,0.0,-0.0,0.0,0.0,0.0,0.0,0.0,0.0,0.0,0.0,0.0,0.0,0.0,-0.0,0.0,0.0,0.0,0.0,,,0.0,0.0,,,2.02,72.62,1.0,40.0,1789.0,0.0,16.0,2611.0,405.0
2022-12-02,19:15-19:18,2.0,1.27,1.0,0.74,67.01,0.0,0.0,-0.0,0.0,0.0,0.0,0.0,0.0,0.0,1.0,0.53,0.0,0.0,0.0,-0.0,0.0,0.0,0.0,0.0,,,0.0,0.0,,,2.84,72.97,4.0,40.0,1798.0,0.0,16.0,2618.0,405.0
2022-12-02,19:18-19:21,2.0,1.5699999999999998,1.0,1.19,213.87,0.0,1.0,0.38,34.12,0.0,0.0,0.0,0.0,0.0,0.0,0.0,0.0,0.0,0.0,-0.0,0.0,0.0,0.0,0.0,,,0.0,0.0,,,1.4,125.78,1.0,40.0,1801.0,0.0,16.0,2629.0,406.0
2022-12-02,19:21-19:24,2.0,1.8199999999999998,1.0,1.15,206.82,0.0,1.0,0.67,121.27,1.0,0.0,0.0,0.0,0.0,0.0,0.0,0.0,0.0,0.0,-0.0,0.0,0.0,0.0,0.0,,,0.0,0.0,,,2.37,85.44,1.0,40.0,1806.0,0.0,17.0,2635.0,406.0
2022-12-02,19:24-19:27,2.0,1.6099999999999999,1.0,0.92,55.13,0.0,1.0,0.69,41.16,0.0,0.0,0.0,0.0,0.0,0.0,0.0,0.0,0.0,0.0,-0.0,0.0,0.0,0.0,0.0,,,0.0,0.0,,,2.92,131.35,2.0,40.0,1812.0,0.0,17.0,2644.0,406.0
2022-12-02,19:27-19:30,2.0,2.05,1.0,0.83,75.0,0.0,1.0,1.22,73.48,0.0,0.0,0.0,0.0,0.0,0.0,0.0,0.0,0.0,0.0,-0.0,0.0,0.0,0.0,0.0,,,0.0,0.0,,,2.84,102.41,0.0,40.0,1816.0,0.0,17.0,2663.0,409.0
2022-12-02,19:30-19:33,2.0,3.02,1.0,0.85,76.47,0.0,1.0,2.17,97.52,1.0,0.0,0.0,0.0,0.0,0.0,0.0,0.0,0.0,0.0,-0.0,0.0,0.0,0.0,0.0,,,0.0,0.0,,,3.11,112.06,1.0,41.0,1823.0,0.0,17.0,2671.0,409.0
2022-12-02,19:33-19:36,2.0,2.57,1.0,0.92,82.73,1.0,1.0,1.65,98.98,0.0,0.0,0.0,0.0,0.0,0.0,0.0,0.0,0.0,0.0,-0.0,0.0,0.0,0.0,0.0,,,0.0,0.0,,,1.64,58.88,3.0,41.0,1828.0,0.0,17.0,2674.0,409.0
2022-12-02,19:36-19:39,2.0,0.53,1.0,0.11,20.16,0.0,1.0,0.42,75.04,1.0,0.0,0.0,0.0,0.0,0.0,0.0,0.0,0.0,0.0,-0.0,0.0,0.0,0.0,0.0,,,0.0,0.0,,,2.62,67.25,2.0,41.0,1838.0,0.0,17.0,2679.0,409.0
2022-12-02,19:39-19:42,1.0,0.04,0.0,-0.0,0.0,0.0,0.0,0.0,0.0,0.0,0.0,0.0,0.0,0.0,0.0,0.0,0.0,0.0,1.0,0.04,0.0,0.0,0.0,0.0,,,0.0,0.0,,,1.47,88.26,2.0,41.0,1843.0,0.0,17.0,2682.0,409.0
2022-12-02,19:42-19:45,1.0,0.82,1.0,0.86,77.19,0.0,0.0,-0.04,0.0,0.0,0.0,0.0,0.0,0.0,0.0,0.0,0.0,0.0,0.0,0.0,0.0,0.0,0.0,0.0,,,0.0,0.0,,,1.25,112.18,0.0,41.0,1845.0,0.0,17.0,2688.0,410.0
2022-12-02,19:45-19:48,1.0,1.41,1.0,1.45,261.37,0.0,0.0,-0.04,0.0,0.0,0.0,0.0,0.0,0.0,0.0,0.0,0.0,0.0,0.0,0.0,0.0,0.0,0.0,0.0,,,0.0,0.0,,,2.83,101.87,1.0,41.0,1854.0,0.0,17.0,2693.0,410.0
2022-12-02,19:48-19:51,2.0,0.11,1.0,0.11,20.67,1.0,0.0,0.0,0.0,0.0,1.0,0.0,0.0,0.0,0.0,0.0,0.0,0.0,0.0,0.0,0.0,0.0,0.0,0.0,,,0.0,0.0,,,2.25,135.05,0.0,41.0,1857.0,0.0,17.0,2700.0,411.0
2022-12-02,19:51-19:54,2.0,0.6900000000000001,1.0,0.65,38.94,0.0,0.0,0.0,0.0,0.0,1.0,0.04,0.0,0.0,0.0,0.0,0.0,0.0,0.0,0.0,0.0,0.0,0.0,0.0,,,0.0,0.0,,,2.24,134.22,1.0,41.0,1863.0,0.0,17.0,2706.0,411.0
2022-12-02,19:54-19:57,1.0,1.24,1.0,1.16,104.44,0.0,0.0,0.08,13.96,0.0,0.0,0.0,0.0,0.0,0.0,0.0,0.0,0.0,0.0,0.0,0.0,0.0,0.0,0.0,,,0.0,0.0,,,1.65,98.73,2.0,41.0,1868.0,0.0,18.0,2709.0,412.0
2022-12-02,19:57-20:00,1.0,0.27,0.0,0.23,41.12,0.0,1.0,-0.0,0.0,0.0,0.0,0.04,6.61,0.0,0.0,0.0,0.0,0.0,0.0,0.0,0.0,0.0,0.0,0.0,,,0.0,0.0,,,1.17,210.35,0.0,41.0,1871.0,0.0,18.0,2715.0,414.0
2022-12-02,20:00-20:03,1.0,1.73,1.0,1.73,77.82,0.0,0.0,-0.0,0.0,0.0,0.0,0.0,0.0,0.0,0.0,0.0,0.0,0.0,0.0,0.0,0.0,0.0,0.0,0.0,,,0.0,0.0,,,1.22,109.77,0.0,41.0,1877.0,0.0,18.0,2717.0,414.0
2022-12-02,20:03-20:06,1.0,2.77,1.0,2.77,166.4,0.0,0.0,-0.0,0.0,0.0,0.0,0.0,0.0,0.0,0.0,0.0,0.0,0.0,0.0,0.0,0.0,0.0,0.0,0.0,,,0.0,0.0,,,2.09,125.28,0.0,41.0,1878.0,0.0,18.0,2726.0,417.0
2022-12-02,20:06-20:09,1.0,2.14,1.0,2.14,128.55,1.0,0.0,-0.0,0.0,0.0,0.0,0.0,0.0,0.0,0.0,0.0,0.0,0.0,0.0,0.0,0.0,0.0,0.0,0.0,,,0.0,0.0,,,2.35,105.65,2.0,41.0,1887.0,0.0,18.0,2734.0,419.0
2022-12-02,20:09-20:12,1.0,1.36,1.0,1.36,122.28,1.0,0.0,-0.0,0.0,0.0,0.0,0.0,0.0,0.0,0.0,0.0,0.0,0.0,0.0,0.0,0.0,0.0,0.0,0.0,,,0.0,0.0,,,1.87,112.49,1.0,41.0,1892.0,0.0,18.0,2738.0,419.0
2022-12-02,20:12-20:15,1.0,1.95,1.0,1.95,58.38,1.0,0.0,-0.0,0.0,0.0,0.0,0.0,0.0,0.0,0.0,0.0,0.0,0.0,0.0,0.0,0.0,0.0,0.0,0.0,,,0.0,0.0,,,1.96,88.34,2.0,41.0,1900.0,0.0,18.0,2743.0,420.0
2022-12-02,20:15-20:18,1.0,2.26,1.0,2.26,406.5,1.0,0.0,-0.0,0.0,0.0,0.0,0.0,0.0,0.0,0.0,0.0,0.0,0.0,0.0,0.0,0.0,0.0,0.0,0.0,,,0.0,0.0,,,0.99,178.41,0.0,41.0,1900.0,0.0,18.0,2753.0,420.0
2022-12-02,20:18-20:21,1.0,0.34,1.0,0.34,60.81,0.0,0.0,-0.0,0.0,0.0,0.0,0.0,0.0,0.0,0.0,0.0,0.0,0.0,0.0,0.0,0.0,0.0,0.0,0.0,,,0.0,0.0,,,2.77,62.37,1.0,41.0,1908.0,0.0,19.0,2755.0,420.0
2022-12-02,20:21-20:24,0.0,0.0,0.0,0.0,0.0,0.0,0.0,-0.0,0.0,0.0,0.0,0.0,0.0,0.0,0.0,0.0,0.0,0.0,0.0,0.0,0.0,0.0,0.0,0.0,,,0.0,0.0,,,3.38,101.54,5.0,41.0,1915.0,0.0,19.0,2759.0,420.0
2022-12-02,20:24-20:27,0.0,0.0,0.0,0.0,0.0,0.0,0.0,-0.0,0.0,0.0,0.0,0.0,0.0,0.0,0.0,0.0,0.0,0.0,0.0,0.0,0.0,0.0,0.0,0.0,,,0.0,0.0,,,1.75,105.04,2.0,41.0,1917.0,0.0,19.0,2762.0,420.0
2022-12-02,20:27-20:30,0.0,-0.04,0.0,0.0,0.0,0.0,0.0,-0.04,0.0,0.0,0.0,0.0,0.0,0.0,0.0,0.0,0.0,0.0,0.0,0.0,0.0,0.0,0.0,0.0,,,0.0,0.0,,,0.98,176.73,0.0,41.0,1918.0,0.0,19.0,2771.0,421.0
2022-12-02,20:30-20:33,0.0,0.0,0.0,0.0,0.0,0.0,0.0,-0.0,0.0,0.0,0.0,0.0,0.0,0.0,0.0,0.0,0.0,0.0,0.0,0.0,0.0,0.0,0.0,0.0,,,0.0,0.0,,,1.48,265.59,1.0,41.0,1922.0,0.0,19.0,2784.0,422.0
2022-12-02,20:33-20:36,1.0,1.96,1.0,1.92,114.94,1.0,0.0,0.04,6.73,0.0,0.0,0.0,0.0,0.0,0.0,0.0,0.0,0.0,0.0,0.0,0.0,0.0,0.0,0.0,,,0.0,0.0,,,2.04,92.01,3.0,41.0,1930.0,0.0,19.0,2787.0,424.0
2022-12-02,20:36-20:39,0.0,0.19,0.0,0.19,33.49,0.0,0.0,0.0,0.0,0.0,0.0,0.0,0.0,0.0,0.0,0.0,0.0,0.0,0.0,0.0,0.0,0.0,0.0,0.0,,,0.0,0.0,,,0.65,29.42,0.0,41.0,1934.0,0.0,19.0,2792.0,425.0
2022-12-02,20:39-20:42,1.0,0.57,1.0,0.57,51.17,0.0,0.0,0.0,0.0,0.0,0.0,0.0,0.0,0.0,0.0,0.0,0.0,0.0,0.0,0.0,0.0,0.0,0.0,0.0,,,0.0,0.0,,,2.57,92.5,2.0,41.0,1944.0,0.0,19.0,2803.0,426.0
2022-12-02,20:42-20:45,1.0,0.23,1.0,0.23,40.84,0.0,0.0,0.0,0.0,0.0,0.0,0.0,0.0,0.0,0.0,0.0,0.0,0.0,0.0,0.0,0.0,0.0,0.0,0.0,,,0.0,0.0,,,2.06,92.74,4.0,41.0,1952.0,0.0,19.0,2810.0,427.0
2022-12-02,20:45-20:48,1.0,0.45,1.0,0.45,80.77,0.0,0.0,0.0,0.0,0.0,0.0,0.0,0.0,0.0,0.0,0.0,0.0,0.0,0.0,0.0,0.0,0.0,0.0,0.0,,,0.0,0.0,,,0.34,30.79,1.0,41.0,1955.0,0.0,19.0,2814.0,427.0
2022-12-02,20:48-20:51,0.0,0.04,0.0,0.0,0.0,0.0,0.0,0.0,0.0,0.0,0.0,0.0,0.0,0.0,0.0,0.04,0.0,0.0,0.0,0.0,0.0,0.0,0.0,0.0,,,0.0,0.0,,,1.15,103.11,0.0,41.0,1959.0,0.0,19.0,2817.0,427.0
2022-12-02,20:51-20:54,0.0,0.22999999999999998,0.0,0.12,0.0,0.0,0.0,0.11,19.9,0.0,0.0,0.0,0.0,0.0,0.0,0.0,0.0,0.0,0.0,0.0,0.0,0.0,0.0,0.0,,,0.0,0.0,,,2.23,80.38,0.0,41.0,1962.0,0.0,19.0,2819.0,428.0
2022-12-02,20:54-20:57,1.0,0.98,1.0,0.98,88.12,0.0,0.0,0.0,0.0,0.0,0.0,0.0,0.0,0.0,0.0,0.0,0.0,0.0,0.0,0.0,0.0,0.0,0.0,0.0,,,0.0,0.0,,,1.39,83.21,4.0,41.0,1969.0,0.0,19.0,2820.0,428.0
2022-12-02,20:57-21:00,1.0,1.14,1.0,1.14,205.12,0.0,0.0,0.0,0.0,0.0,0.0,0.0,0.0,0.0,0.0,0.0,0.0,0.0,0.0,0.0,0.0,0.0,0.0,0.0,,,0.0,0.0,,,1.16,104.26,0.0,41.0,1971.0,0.0,19.0,2822.0,428.0
2022-12-02,21:00-21:03,1.0,1.09,1.0,0.98,176.0,0.0,0.0,0.11,20.13,0.0,0.0,0.0,0.0,0.0,0.0,0.0,0.0,0.0,0.0,0.0,0.0,0.0,0.0,0.0,,,0.0,0.0,,,0.04,0.0,0.0,41.0,1973.0,0.0,19.0,2829.0,428.0
2022-12-02,21:03-21:06,1.0,0.79,1.0,0.45,81.14,1.0,0.0,0.34,30.8,1.0,0.0,0.0,0.0,0.0,0.0,0.0,0.0,0.0,0.0,0.0,0.0,0.0,0.0,0.0,,,0.0,0.0,,,0.0,0.0,0.0,41.0,1976.0,0.0,19.0,2832.0,428.0
2022-12-02,21:06-21:09,0.0,0.0,0.0,0.0,0.0,0.0,0.0,0.0,0.0,0.0,0.0,0.0,0.0,0.0,0.0,0.0,0.0,0.0,0.0,0.0,0.0,0.0,0.0,0.0,,,0.0,0.0,,,0.0,0.0,0.0,41.0,1976.0,0.0,19.0,2835.0,428.0
2022-12-02,21:09-21:12,1.0,0.45,1.0,0.45,80.8,0.0,0.0,0.0,0.0,0.0,0.0,0.0,0.0,0.0,0.0,0.0,0.0,0.0,0.0,0.0,0.0,0.0,0.0,0.0,,,0.0,0.0,,,1.65,148.18,0.0,41.0,1979.0,0.0,19.0,2839.0,428.0
2022-12-02,21:12-21:15,0.0,0.11,0.0,0.11,0.0,0.0,0.0,0.0,0.0,0.0,0.0,0.0,0.0,0.0,0.0,0.0,0.0,0.0,0.0,0.0,0.0,0.0,0.0,0.0,,,0.0,0.0,,,0.95,42.58,1.0,41.0,1982.0,0.0,19.0,2841.0,428.0
2022-12-02,21:15-21:18,0.0,0.0,0.0,-0.0,0.0,0.0,0.0,0.0,0.0,0.0,0.0,0.0,0.0,0.0,0.0,0.0,0.0,0.0,0.0,0.0,0.0,0.0,0.0,0.0,,,0.0,0.0,,,0.94,56.7,0.0,41.0,1983.0,0.0,19.0,2841.0,428.0
2022-12-02,21:18-21:21,0.0,0.41,0.0,0.41,73.94,0.0,0.0,0.0,0.0,0.0,0.0,0.0,0.0,0.0,0.0,0.0,0.0,0.0,0.0,0.0,0.0,0.0,0.0,0.0,,,0.0,0.0,,,0.99,88.84,2.0,41.0,1989.0,0.0,19.0,2844.0,428.0
2022-12-02,21:21-21:24,0.0,0.04,0.0,0.04,0.0,0.0,0.0,0.0,0.0,0.0,0.0,0.0,0.0,0.0,0.0,0.0,0.0,0.0,0.0,0.0,0.0,0.0,0.0,0.0,,,0.0,0.0,,,0.0,0.0,0.0,41.0,1989.0,0.0,19.0,2850.0,428.0
2022-12-02,21:24-21:27,0.0,0.07,0.0,0.0,0.0,0.0,0.0,0.0,0.0,0.0,0.0,0.0,0.0,0.0,0.0,0.0,0.0,0.0,0.0,0.07,0.0,0.0,0.0,0.0,,,0.0,0.0,,,1.53,55.22,1.0,41.0,1990.0,0.0,20.0,2854.0,428.0
2022-12-02,21:27-21:30,1.0,-0.04,1.0,0.0,0.0,0.0,0.0,-0.04,0.0,0.0,0.0,0.0,0.0,0.0,0.0,0.0,0.0,0.0,0.0,0.0,0.0,0.0,0.0,0.0,,,0.0,0.0,,,2.09,125.61,2.0,41.0,1993.0,0.0,20.0,2860.0,428.0
2022-12-02,21:30-21:33,0.0,0.0,0.0,0.0,0.0,0.0,0.0,0.0,0.0,0.0,0.0,0.0,0.0,0.0,0.0,0.0,0.0,0.0,0.0,0.0,0.0,0.0,0.0,0.0,,,0.0,0.0,,,1.46,43.77,1.0,41.0,1997.0,0.0,20.0,2867.0,429.0
2022-12-02,21:33-21:36,1.0,0.9199999999999999,1.0,0.73,43.85,0.0,0.0,0.19,33.8,0.0,0.0,0.0,0.0,0.0,0.0,0.0,0.0,0.0,0.0,0.0,0.0,0.0,0.0,0.0,,,0.0,0.0,,,2.58,93.03,2.0,41.0,2002.0,0.0,20.0,2868.0,431.0
2022-12-02,21:36-21:39,2.0,1.7400000000000002,1.0,1.1,197.69,0.0,1.0,0.64,115.96,0.0,0.0,0.0,0.0,0.0,0.0,0.0,0.0,0.0,0.0,0.0,0.0,0.0,0.0,0.0,,,0.0,0.0,,,0.89,80.23,2.0,41.0,2007.0,0.0,20.0,2871.0,431.0
2022-12-02,21:39-21:42,2.0,1.99,1.0,1.0,180.44,0.0,1.0,0.99,178.97,0.0,0.0,0.0,0.0,0.0,0.0,0.0,0.0,0.0,0.0,0.0,0.0,0.0,0.0,0.0,,,0.0,0.0,,,1.85,110.84,1.0,41.0,2010.0,0.0,20.0,2872.0,431.0
2022-12-02,21:42-21:45,1.0,0.77,1.0,0.37,33.71,0.0,0.0,0.22,40.4,0.0,0.0,0.18,33.26,0.0,0.0,0.0,0.0,0.0,0.0,0.0,0.0,0.0,0.0,0.0,,,0.0,0.0,,,0.34,62.07,1.0,41.0,2014.0,0.0,20.0,2877.0,431.0
2022-12-02,21:45-21:48,1.0,1.01,1.0,0.45,40.4,1.0,0.0,0.41,73.18,0.0,0.0,0.15,26.91,0.0,0.0,0.0,0.0,0.0,0.0,0.0,0.0,0.0,0.0,0.0,,,0.0,0.0,,,0.0,0.0,0.0,41.0,2016.0,0.0,20.0,2877.0,431.0
2022-12-02,21:48-21:51,1.0,1.53,1.0,1.42,64.12,0.0,0.0,0.0,0.0,0.0,0.0,0.0,0.0,0.0,0.0,0.11,10.23,0.0,0.0,0.0,0.0,0.0,0.0,0.0,,,0.0,0.0,,,0.38,0.0,0.0,41.0,2020.0,0.0,20.0,2880.0,431.0
2022-12-02,21:51-21:54,1.0,2.0999999999999996,1.0,1.88,337.66,0.0,0.0,0.0,0.0,0.0,0.0,0.0,0.0,0.0,0.0,0.15,13.44,0.0,0.0,0.07,13.26,0.0,0.0,0.0,,,0.0,0.0,,,0.68,122.9,0.0,41.0,2020.0,0.0,20.0,2881.0,431.0
2022-12-02,21:54-21:57,1.0,1.3399999999999999,1.0,1.19,106.78,1.0,0.0,0.0,0.0,0.0,0.0,0.0,0.0,0.0,0.0,0.0,0.0,0.0,0.0,0.15,26.47,0.0,0.0,0.0,,,0.0,0.0,,,1.01,181.11,0.0,41.0,2022.0,0.0,20.0,2886.0,431.0
2022-12-02,21:57-22:00,1.0,0.04,1.0,0.0,0.0,0.0,0.0,0.04,6.98,0.0,0.0,0.0,0.0,0.0,0.0,0.0,0.0,0.0,0.0,-0.0,0.0,0.0,0.0,0.0,,,0.0,0.0,,,1.3,58.42,0.0,42.0,2025.0,0.0,20.0,2887.0,431.0
2022-12-02,22:00-22:03,1.0,2.58,1.0,2.58,154.64,0.0,0.0,-0.0,-0.21,0.0,0.0,0.0,0.0,0.0,0.0,0.0,0.0,0.0,0.0,-0.0,0.0,0.0,0.0,0.0,,,0.0,0.0,,,0.91,54.79,1.0,43.0,2027.0,0.0,20.0,2889.0,431.0
2022-12-02,22:03-22:06,1.0,2.91,1.0,2.91,131.16,0.0,0.0,-0.0,0.0,0.0,0.0,0.0,0.0,0.0,0.0,0.0,0.0,0.0,0.0,-0.0,0.0,0.0,0.0,0.0,,,0.0,0.0,,,0.0,0.0,0.0,43.0,2028.0,0.0,20.0,2892.0,431.0
2022-12-02,22:06-22:09,1.0,1.57,1.0,1.57,141.37,1.0,0.0,-0.0,0.0,0.0,0.0,0.0,0.0,0.0,0.0,0.0,0.0,0.0,0.0,-0.0,0.0,0.0,0.0,0.0,,,0.0,0.0,,,0.27,0.0,0.0,43.0,2033.0,0.0,20.0,2895.0,431.0
2022-12-02,22:09-22:12,1.0,1.1300000000000001,1.0,1.01,90.48,0.0,0.0,0.04,0.0,0.0,0.0,0.08,13.63,0.0,0.0,0.0,0.0,0.0,0.0,-0.0,0.0,0.0,0.0,0.0,,,0.0,0.0,,,1.72,61.93,0.0,43.0,2037.0,0.0,20.0,2898.0,431.0
2022-12-02,22:12-22:15,1.0,0.97,1.0,0.97,87.3,0.0,0.0,0.0,0.0,0.0,0.0,0.0,0.0,0.0,0.0,0.0,0.0,0.0,0.0,-0.0,0.0,0.0,0.0,0.0,,,0.0,0.0,,,1.96,117.64,1.0,43.0,2041.0,0.0,20.0,2899.0,431.0
2022-12-02,22:15-22:18,1.0,1.74,1.0,1.74,156.48,0.0,0.0,0.0,0.0,0.0,0.0,0.0,0.0,0.0,0.0,0.0,0.0,0.0,0.0,-0.0,0.0,0.0,0.0,0.0,,,0.0,0.0,,,2.1,126.25,0.0,44.0,2045.0,0.0,20.0,2900.0,431.0
2022-12-02,22:18-22:21,1.0,1.31,1.0,1.31,234.97,0.0,0.0,0.0,0.0,0.0,0.0,0.0,0.0,0.0,0.0,0.0,0.0,0.0,0.0,-0.0,0.0,0.0,0.0,0.0,,,0.0,0.0,,,0.23,41.8,1.0,45.0,2051.0,0.0,20.0,2905.0,432.0
2022-12-02,22:21-22:24,1.0,2.13,1.0,2.13,95.82,1.0,0.0,0.0,0.0,0.0,0.0,0.0,0.0,0.0,0.0,0.0,0.0,0.0,0.0,-0.0,0.0,0.0,0.0,0.0,,,0.0,0.0,,,0.0,0.0,0.0,45.0,2051.0,0.0,20.0,2906.0,433.0
2022-12-02,22:24-22:27,1.0,1.51,1.0,1.51,67.86,0.0,0.0,0.0,0.0,0.0,0.0,0.0,0.0,0.0,0.0,0.0,0.0,0.0,0.0,-0.0,0.0,0.0,0.0,0.0,,,0.0,0.0,,,0.08,13.76,0.0,46.0,2055.0,0.0,20.0,2907.0,433.0
2022-12-02,22:27-22:30,1.0,0.34,1.0,0.34,61.11,0.0,0.0,0.0,0.0,0.0,0.0,0.0,0.0,0.0,0.0,0.0,0.0,0.0,0.0,-0.0,0.0,0.0,0.0,0.0,,,0.0,0.0,,,0.19,34.93,0.0,49.0,2057.0,0.0,20.0,2907.0,433.0
2022-12-02,22:30-22:33,1.0,0.29000000000000004,1.0,0.22,40.34,0.0,0.0,0.07,13.44,0.0,0.0,0.0,0.0,0.0,0.0,0.0,0.0,0.0,0.0,-0.0,0.0,0.0,0.0,0.0,,,0.0,0.0,,,0.0,0.0,0.0,53.0,2058.0,0.0,20.0,2907.0,433.0
2022-12-02,22:33-22:36,1.0,0.64,1.0,0.64,114.89,0.0,0.0,0.0,0.0,0.0,0.0,0.0,0.0,0.0,0.0,0.0,0.0,0.0,0.0,-0.0,0.0,0.0,0.0,0.0,,,0.0,0.0,,,0.19,34.81,0.0,54.0,2063.0,0.0,20.0,2907.0,433.0
2022-12-02,22:36-22:39,1.0,0.83,1.0,0.83,149.55,0.0,0.0,0.0,0.0,0.0,0.0,0.0,0.0,0.0,0.0,0.0,0.0,0.0,0.0,-0.0,0.0,0.0,0.0,0.0,,,0.0,0.0,,,0.92,82.92,0.0,59.0,2063.0,0.0,20.0,2907.0,433.0
2022-12-02,22:39-22:42,1.0,0.53,1.0,0.53,94.78,0.0,0.0,0.0,0.0,0.0,0.0,0.0,0.0,0.0,0.0,0.0,0.0,0.0,0.0,-0.0,0.0,0.0,0.0,0.0,,,0.0,0.0,,,0.0,0.0,0.0,60.0,2064.0,0.0,20.0,2907.0,433.0
2022-12-02,22:42-22:45,1.0,0.45,1.0,0.45,80.47,0.0,0.0,0.0,0.0,0.0,0.0,0.0,0.0,0.0,0.0,0.0,0.0,0.0,0.0,-0.0,0.0,0.0,0.0,0.0,,,0.0,0.0,,,0.88,78.8,1.0,60.0,2066.0,0.0,20.0,2907.0,433.0
2022-12-02,22:45-22:48,1.0,0.88,1.0,0.88,78.88,0.0,0.0,0.0,0.0,0.0,0.0,0.0,0.0,0.0,0.0,0.0,0.0,0.0,0.0,-0.0,0.0,0.0,0.0,0.0,,,0.0,0.0,,,0.8,144.19,0.0,62.0,2068.0,0.0,20.0,2907.0,433.0
2022-12-02,22:48-22:51,2.0,1.2000000000000002,1.0,1.09,98.11,0.0,0.0,0.0,0.0,0.0,1.0,0.11,19.84,0.0,0.0,0.0,0.0,0.0,0.0,-0.0,0.0,0.0,0.0,0.0,,,0.0,0.0,,,0.0,0.0,0.0,63.0,2068.0,0.0,20.0,2907.0,433.0
2022-12-02,22:51-22:54,1.0,1.17,1.0,1.13,67.76,0.0,0.0,0.04,7.0,0.0,0.0,-0.0,0.0,0.0,0.0,0.0,0.0,0.0,0.0,-0.0,0.0,0.0,0.0,0.0,,,0.0,0.0,,,0.07,13.3,0.0,66.0,2074.0,0.0,20.0,2907.0,433.0
2022-12-02,22:54-22:57,1.0,1.32,1.0,1.28,115.43,0.0,0.0,0.04,6.54,0.0,0.0,-0.0,0.0,0.0,0.0,0.0,0.0,0.0,0.0,-0.0,0.0,0.0,0.0,0.0,,,0.0,0.0,,,0.23,20.55,2.0,71.0,2080.0,0.0,20.0,2907.0,433.0
2022-12-02,22:57-23:00,1.0,0.5,1.0,0.5,29.85,1.0,0.0,0.0,0.0,0.0,0.0,-0.0,0.0,0.0,0.0,0.0,0.0,0.0,0.0,-0.0,0.0,0.0,0.0,0.0,,,0.0,0.0,,,0.0,0.0,0.0,73.0,2083.0,0.0,20.0,2907.0,433.0
2022-12-02,23:00-23:03,0.0,0.0,0.0,0.0,0.0,0.0,0.0,0.0,0.0,0.0,0.0,-0.0,0.0,0.0,0.0,0.0,0.0,0.0,0.0,-0.0,0.0,0.0,0.0,0.0,,,0.0,0.0,,,0.0,0.0,0.0,73.0,2084.0,0.0,20.0,2907.0,433.0
2022-12-02,23:03-23:06,0.0,0.07,0.0,0.0,0.0,0.0,0.0,0.07,13.43,0.0,0.0,-0.0,0.0,0.0,0.0,0.0,0.0,0.0,0.0,-0.0,0.0,0.0,0.0,0.0,,,0.0,0.0,,,0.0,0.0,0.0,73.0,2084.0,0.0,20.0,2907.0,433.0
2022-12-02,23:06-23:09,0.0,0.0,0.0,0.0,0.0,0.0,0.0,0.0,0.0,0.0,0.0,-0.0,0.0,0.0,0.0,0.0,0.0,0.0,0.0,-0.0,0.0,0.0,0.0,0.0,,,0.0,0.0,,,0.0,0.0,0.0,73.0,2084.0,0.0,20.0,2908.0,434.0
2022-12-02,23:09-23:12,0.0,0.0,0.0,0.0,0.0,0.0,0.0,0.0,0.0,0.0,0.0,-0.0,0.0,0.0,0.0,0.0,0.0,0.0,0.0,-0.0,0.0,0.0,0.0,0.0,,,0.0,0.0,,,0.0,0.0,0.0,73.0,2084.0,0.0,20.0,2908.0,434.0
2022-12-02,23:12-23:15,0.0,0.0,0.0,0.0,0.0,0.0,0.0,0.0,0.0,0.0,0.0,-0.0,0.0,0.0,0.0,0.0,0.0,0.0,0.0,-0.0,0.0,0.0,0.0,0.0,,,0.0,0.0,,,0.0,0.0,0.0,73.0,2084.0,0.0,20.0,2908.0,434.0
2022-12-02,23:15-23:18,0.0,0.0,0.0,0.0,0.0,0.0,0.0,0.0,0.0,0.0,0.0,-0.0,0.0,0.0,0.0,0.0,0.0,0.0,0.0,-0.0,0.0,0.0,0.0,0.0,,,0.0,0.0,,,0.0,0.0,0.0,73.0,2084.0,0.0,20.0,2908.0,435.0
2022-12-02,23:18-23:21,0.0,0.0,0.0,0.0,0.0,0.0,0.0,0.0,0.0,0.0,0.0,-0.0,0.0,0.0,0.0,0.0,0.0,0.0,0.0,-0.0,0.0,0.0,0.0,0.0,,,0.0,0.0,,,0.0,0.0,0.0,73.0,2084.0,0.0,20.0,2909.0,435.0
2022-12-02,23:21-23:24,0.0,0.0,0.0,0.0,0.0,0.0,0.0,0.0,0.0,0.0,0.0,-0.0,0.0,0.0,0.0,0.0,0.0,0.0,0.0,-0.0,0.0,0.0,0.0,0.0,,,0.0,0.0,,,0.0,0.0,0.0,73.0,2084.0,0.0,20.0,2909.0,435.0
2022-12-02,23:24-23:27,0.0,0.0,0.0,0.0,0.0,0.0,0.0,0.0,0.0,0.0,0.0,-0.0,0.0,0.0,0.0,0.0,0.0,0.0,0.0,-0.0,0.0,0.0,0.0,0.0,,,0.0,0.0,,,0.0,0.0,0.0,73.0,2084.0,0.0,20.0,2909.0,435.0
2022-12-02,23:27-23:30,0.0,0.0,0.0,0.0,0.0,0.0,0.0,0.0,0.0,0.0,0.0,-0.0,0.0,0.0,0.0,0.0,0.0,0.0,0.0,-0.0,0.0,0.0,0.0,0.0,,,0.0,0.0,,,0.0,0.0,0.0,73.0,2084.0,0.0,20.0,2909.0,435.0
2022-12-02,23:30-23:33,0.0,0.0,0.0,0.0,0.0,0.0,0.0,0.0,0.0,0.0,0.0,-0.0,0.0,0.0,0.0,0.0,0.0,0.0,0.0,-0.0,0.0,0.0,0.0,0.0,,,0.0,0.0,,,0.0,0.0,0.0,73.0,2084.0,0.0,20.0,2909.0,435.0
2022-12-02,23:33-23:36,0.0,0.0,0.0,0.0,0.0,0.0,0.0,0.0,0.0,0.0,0.0,-0.0,0.0,0.0,0.0,0.0,0.0,0.0,0.0,-0.0,0.0,0.0,0.0,0.0,,,0.0,0.0,,,0.0,0.0,0.0,73.0,2084.0,0.0,20.0,2909.0,435.0
2022-12-02,23:36-23:39,0.0,0.0,0.0,0.0,0.0,0.0,0.0,0.0,0.0,0.0,0.0,-0.0,0.0,0.0,0.0,0.0,0.0,0.0,0.0,-0.0,0.0,0.0,0.0,0.0,,,0.0,0.0,,,0.0,0.0,0.0,73.0,2084.0,0.0,20.0,2909.0,435.0
2022-12-02,23:39-23:42,0.0,0.0,0.0,0.0,0.0,0.0,0.0,0.0,0.0,0.0,0.0,-0.0,0.0,0.0,0.0,0.0,0.0,0.0,0.0,-0.0,0.0,0.0,0.0,0.0,,,0.0,0.0,,,0.0,0.0,0.0,73.0,2084.0,0.0,20.0,2909.0,435.0
2022-12-02,23:42-23:45,0.0,0.0,0.0,0.0,0.0,0.0,0.0,0.0,0.0,0.0,0.0,-0.0,0.0,0.0,0.0,0.0,0.0,0.0,0.0,-0.0,0.0,0.0,0.0,0.0,,,0.0,0.0,,,0.0,0.0,0.0,73.0,2084.0,0.0,20.0,2909.0,435.0
2022-12-02,23:45-23:48,0.0,0.0,0.0,0.0,0.0,0.0,0.0,0.0,0.0,0.0,0.0,-0.0,0.0,0.0,0.0,0.0,0.0,0.0,0.0,-0.0,0.0,0.0,0.0,0.0,,,0.0,0.0,,,0.0,0.0,0.0,73.0,2084.0,0.0,20.0,2909.0,435.0
2022-12-02,23:48-23:51,0.0,0.0,0.0,0.0,0.0,0.0,0.0,0.0,0.0,0.0,0.0,-0.0,0.0,0.0,0.0,0.0,0.0,0.0,0.0,-0.0,0.0,0.0,0.0,0.0,,,0.0,0.0,,,0.0,0.0,0.0,73.0,2084.0,0.0,20.0,2909.0,435.0
2022-12-02,23:51-23:54,0.0,0.0,0.0,0.0,0.0,0.0,0.0,0.0,0.0,0.0,0.0,-0.0,0.0,0.0,0.0,0.0,0.0,0.0,0.0,-0.0,0.0,0.0,0.0,0.0,,,0.0,0.0,,,0.0,0.0,0.0,73.0,2084.0,0.0,20.0,2909.0,435.0
2022-12-02,23:54-23:57,0.0,0.0,0.0,0.0,0.0,0.0,0.0,0.0,0.0,0.0,0.0,-0.0,0.0,0.0,0.0,0.0,0.0,0.0,0.0,-0.0,0.0,0.0,0.0,0.0,,,0.0,0.0,,,0.0,0.0,0.0,73.0,2084.0,0.0,20.0,2910.0,436.0
2022-12-02,23:57-00:00,0.0,0.0,0.0,0.0,0.0,0.0,0.0,0.0,0.0,0.0,0.0,-0.0,0.0,0.0,0.0,0.0,0.0,0.0,0.0,-0.0,0.0,0.0,0.0,0.0,,,0.0,0.0,,,0.0,0.0,0.0,73.0,2084.0,0.0,20.0,2910.0,436.0
